CDR3b	TRBV	TRBJ	CDR3a	TRAV	TRAJ	patient	counts	HLA	antigen.species	antigen
CASSSRSSYEQYF	TRBV	TRBJ				1oga	3	HLA-A2	flu	M1
CASSPVTGGIYGYTF	TRBV	TRBJ				3gsn	3	HLA-A2	CMV	pp65
CSARDGTGNGYTF	TRBV	TRBJ				3o4l	3	HLA-A2	EBV	BMLF1
CASRPDGRETQYF	TRBV	TRBJ				subject.0275	3	HLA-A2	CMV	pp65
CASSETGFGNQPQHF	TRBV	TRBJ				subject.0275	3	HLA-A2	CMV	pp65
CASSLAPGATNEKLFF	TRBV	TRBJ				subject.0275	3	HLA-A2	CMV	pp65
CASSLAPGTTNEKLFF	TRBV	TRBJ				subject.0275	3	HLA-A2	CMV	pp65
CASSLGMFNTEAFF	TRBV	TRBJ				subject.0275	3	HLA-A2	CMV	pp65
CASSNLPGTVEAFF	TRBV	TRBJ				subject.0275	3	HLA-A2	CMV	pp65
CASSPRQSNQPQHF	TRBV	TRBJ				subject.0275	3	HLA-A2	CMV	pp65
CASSQDISRGQTLFGNSPLHF	TRBV	TRBJ				subject.0275	3	HLA-A2	CMV	pp65
CASSQTGFGNQPQHF	TRBV	TRBJ				subject.0275	3	HLA-A2	CMV	pp65
CASSSETTSPLHF	TRBV	TRBJ				subject.0275	3	HLA-A2	CMV	pp65
CASSSVNEQYF	TRBV	TRBJ				subject.0275	3	HLA-A2	CMV	pp65
CSAREEGTQAWETQYF	TRBV	TRBJ				subject.0275	3	HLA-A2	CMV	pp65
CAIQYRGNQPQHF	TRBV	TRBJ				subject.0275	3	HLA-A2	EBV	BMLF1
CASMVGQGTGELFF	TRBV	TRBJ				subject.0275	3	HLA-A2	flu	M1
CASRSPQETQYF	TRBV	TRBJ				subject.0275	3	HLA-A2	flu	M1
CASSFSPSSYNEQFF	TRBV	TRBJ				subject.0275	3	HLA-A2	flu	M1
CASSIDGNVAPLHF	TRBV	TRBJ				subject.0275	3	HLA-A2	flu	M1
CASSIFGGAREQFF	TRBV	TRBJ				subject.0275	3	HLA-A2	flu	M1
CASSIRSAYEQYF	TRBV	TRBJ				subject.0275	3	HLA-A2	flu	M1
CASSIRSLDIQYF	TRBV	TRBJ				subject.0275	3	HLA-A2	flu	M1
CASSIRSSYEQYF	TRBV	TRBJ				subject.0275	3	HLA-A2	flu	M1
CASSIRSTDTQYF	TRBV	TRBJ				subject.0275	3	HLA-A2	flu	M1
CASSIRSTGELFF	TRBV	TRBJ				subject.0275	3	HLA-A2	flu	M1
CASSISSINEQFF	TRBV	TRBJ				subject.0275	3	HLA-A2	flu	M1
CASSMGQGTYEQYF	TRBV	TRBJ				subject.0275	3	HLA-A2	flu	M1
CASSMRSSYEQYF	TRBV	TRBJ				subject.0275	3	HLA-A2	flu	M1
CASSMRSTDTQYF	TRBV	TRBJ				subject.0275	3	HLA-A2	flu	M1
CASSNRASEKLFF	TRBV	TRBJ				subject.0275	3	HLA-A2	flu	M1
CASSQERGGKWAYEQYF	TRBV	TRBJ				subject.0275	3	HLA-A2	flu	M1
CASSQLGGISNQPQHF	TRBV	TRBJ				subject.0275	3	HLA-A2	flu	M1
CASSSRASYEQYF	TRBV	TRBJ				subject.0275	3	HLA-A2	flu	M1
CASSSRSTGELFF	TRBV	TRBJ				subject.0275	3	HLA-A2	flu	M1
CASSTRAANEQFF	TRBV	TRBJ				subject.0275	3	HLA-A2	flu	M1
CASSTRSSSEQYF	TRBV	TRBJ				subject.0275	3	HLA-A2	flu	M1
CSASGGRQRTEAFF	TRBV	TRBJ				subject.0275	3	HLA-A2	flu	M1
CASSDRETYEQYF	TRBV	TRBJ				subject.0276	3	HLA-A2	CMV	pp65
CASSFSTGYADGYTF	TRBV	TRBJ				subject.0276	3	HLA-A2	CMV	pp65
CASSYFRDRVGDQPQHF	TRBV	TRBJ				subject.0276	3	HLA-A2	CMV	pp65
CASSYSSSTGELFF	TRBV	TRBJ				subject.0276	3	HLA-A2	CMV	pp65
CSAFDREGVDGYTF	TRBV	TRBJ				subject.0276	3	HLA-A2	CMV	pp65
CASSEESYLMNTEAFF	TRBV	TRBJ				subject.0276	3	HLA-A2	EBV	BMLF1
CASSLWVGGSSGANVLTF	TRBV	TRBJ				subject.0276	3	HLA-A2	EBV	BMLF1
CASSPTSGSVYEQYF	TRBV	TRBJ				subject.0276	3	HLA-A2	EBV	BMLF1
CASSDSRTPFQRPLFEAFF	TRBV	TRBJ				subject.0276	3	HLA-A2	flu	M1
CASSEDPATNEKLFF	TRBV	TRBJ				subject.0276	3	HLA-A2	flu	M1
CASSFGVYEQYF	TRBV	TRBJ				subject.0276	3	HLA-A2	flu	M1
CASSFSGDTEAFF	TRBV	TRBJ				subject.0276	3	HLA-A2	flu	M1
CASSGLEGAGDTQYF	TRBV	TRBJ				subject.0276	3	HLA-A2	flu	M1
CASSGRATDTQYF	TRBV	TRBJ				subject.0276	3	HLA-A2	flu	M1
CASSGRSGIEQYF	TRBV	TRBJ				subject.0276	3	HLA-A2	flu	M1
CASSGRSTDTQYF	TRBV	TRBJ				subject.0276	3	HLA-A2	flu	M1
CASSIFASGNTQYF	TRBV	TRBJ				subject.0276	3	HLA-A2	flu	M1
CASSIFSGQPQHF	TRBV	TRBJ				subject.0276	3	HLA-A2	flu	M1
CASSIHGADTQYF	TRBV	TRBJ				subject.0276	3	HLA-A2	flu	M1
CASSIHGAETQYF	TRBV	TRBJ				subject.0276	3	HLA-A2	flu	M1
CASSILSNQPQHF	TRBV	TRBJ				subject.0276	3	HLA-A2	flu	M1
CASSIRAAYEQYF	TRBV	TRBJ				subject.0276	3	HLA-A2	flu	M1
CASSIRASNEQFF	TRBV	TRBJ				subject.0276	3	HLA-A2	flu	M1
CASSIRSAYEQFF	TRBV	TRBJ				subject.0276	3	HLA-A2	flu	M1
CASSIRSAYEQYF	TRBV	TRBJ				subject.0276	3	HLA-A2	flu	M1
CASSIRSMDIQYF	TRBV	TRBJ				subject.0276	3	HLA-A2	flu	M1
CASSIRSSAEAFF	TRBV	TRBJ				subject.0276	3	HLA-A2	flu	M1
CASSIRSSDTQYF	TRBV	TRBJ				subject.0276	3	HLA-A2	flu	M1
CASSIRSSYEQYF	TRBV	TRBJ				subject.0276	3	HLA-A2	flu	M1
CASSIRSTDTQYF	TRBV	TRBJ				subject.0276	3	HLA-A2	flu	M1
CASSIYGLSSYNEQFF	TRBV	TRBJ				subject.0276	3	HLA-A2	flu	M1
CASSIYSNGEQYF	TRBV	TRBJ				subject.0276	3	HLA-A2	flu	M1
CASSIYSNQPQHF	TRBV	TRBJ				subject.0276	3	HLA-A2	flu	M1
CASSIYSTPDQPQHF	TRBV	TRBJ				subject.0276	3	HLA-A2	flu	M1
CASSIYSVNEQFF	TRBV	TRBJ				subject.0276	3	HLA-A2	flu	M1
CASSKRSGIEQYF	TRBV	TRBJ				subject.0276	3	HLA-A2	flu	M1
CASSLAGEVNEQFF	TRBV	TRBJ				subject.0276	3	HLA-A2	flu	M1
CASSLEVGQETQYF	TRBV	TRBJ				subject.0276	3	HLA-A2	flu	M1
CASSLGQGRETQYF	TRBV	TRBJ				subject.0276	3	HLA-A2	flu	M1
CASSLLAGPYNEQFF	TRBV	TRBJ				subject.0276	3	HLA-A2	flu	M1
CASSLVGGLVGGYTF	TRBV	TRBJ				subject.0276	3	HLA-A2	flu	M1
CASSLYSNQPQHF	TRBV	TRBJ				subject.0276	3	HLA-A2	flu	M1
CASSMFVGQPQHF	TRBV	TRBJ				subject.0276	3	HLA-A2	flu	M1
CASSMRSSYEQYF	TRBV	TRBJ				subject.0276	3	HLA-A2	flu	M1
CASSMRSTDTQYF	TRBV	TRBJ				subject.0276	3	HLA-A2	flu	M1
CASSPTGGLETQYF	TRBV	TRBJ				subject.0276	3	HLA-A2	flu	M1
CASSPYHTNEQFF	TRBV	TRBJ				subject.0276	3	HLA-A2	flu	M1
CASSQERGGKWAYEQYF	TRBV	TRBJ				subject.0276	3	HLA-A2	flu	M1
CASSQGSYGYTF	TRBV	TRBJ				subject.0276	3	HLA-A2	flu	M1
CASSQRSTDTQYF	TRBV	TRBJ				subject.0276	3	HLA-A2	flu	M1
CASSSFGTDTQYF	TRBV	TRBJ				subject.0276	3	HLA-A2	flu	M1
CASSSHHGSPLGQYF	TRBV	TRBJ				subject.0276	3	HLA-A2	flu	M1
CASSSRASYEQYF	TRBV	TRBJ				subject.0276	3	HLA-A2	flu	M1
CASSSRSAYEQYF	TRBV	TRBJ				subject.0276	3	HLA-A2	flu	M1
CASSSRSSYEQYF	TRBV	TRBJ				subject.0276	3	HLA-A2	flu	M1
CASSSRSTGELFF	TRBV	TRBJ				subject.0276	3	HLA-A2	flu	M1
CASSSSGGEYNEQFF	TRBV	TRBJ				subject.0276	3	HLA-A2	flu	M1
CASSTHSGNEQFF	TRBV	TRBJ				subject.0276	3	HLA-A2	flu	M1
CASSTRSAAPLHF	TRBV	TRBJ				subject.0276	3	HLA-A2	flu	M1
CASSTRSAYEQYF	TRBV	TRBJ				subject.0276	3	HLA-A2	flu	M1
CASSTRSQETQYF	TRBV	TRBJ				subject.0276	3	HLA-A2	flu	M1
CASSTRSSYEQYF	TRBV	TRBJ				subject.0276	3	HLA-A2	flu	M1
CASSTRSTDTQYF	TRBV	TRBJ				subject.0276	3	HLA-A2	flu	M1
CASSTYSTDTQYF	TRBV	TRBJ				subject.0276	3	HLA-A2	flu	M1
CASSVRSADTQYF	TRBV	TRBJ				subject.0276	3	HLA-A2	flu	M1
CASSVRSTDTQYF	TRBV	TRBJ				subject.0276	3	HLA-A2	flu	M1
CASSVRSTGELFF	TRBV	TRBJ				subject.0276	3	HLA-A2	flu	M1
CASSVYSNQPQHF	TRBV	TRBJ				subject.0276	3	HLA-A2	flu	M1
CASSWVVPPNEQFF	TRBV	TRBJ				subject.0276	3	HLA-A2	flu	M1
CASSYNVRDGDYGYTF	TRBV	TRBJ				subject.0276	3	HLA-A2	flu	M1
CASSYRSTQPQHF	TRBV	TRBJ				subject.0276	3	HLA-A2	flu	M1
CASSYYSNQPQHF	TRBV	TRBJ				subject.0276	3	HLA-A2	flu	M1
CATSQGSYGYTF	TRBV	TRBJ				subject.0276	3	HLA-A2	flu	M1
CSAARTGGNEKLFF	TRBV	TRBJ				subject.0276	3	HLA-A2	flu	M1
CSVEISGKEDTQYF	TRBV	TRBJ				subject.0276	3	HLA-A2	flu	M1
CSVRTIYEEQYF	TRBV	TRBJ				subject.0276	3	HLA-A2	flu	M1
CSVVVGDLYNEQFF	TRBV	TRBJ				subject.0276	3	HLA-A2	flu	M1
CASSETGGNQPQHF	TRBV	TRBJ				subject.0297	3	HLA-A2	CMV	pp65
CASSLAPGATNEKLFF	TRBV	TRBJ				subject.0297	3	HLA-A2	CMV	pp65
CASSLEGFTEAFF	TRBV	TRBJ				subject.0297	3	HLA-A2	CMV	pp65
CASSSANYGYTF	TRBV	TRBJ				subject.0297	3	HLA-A2	CMV	pp65
CASSVVERAFF	TRBV	TRBJ				subject.0297	3	HLA-A2	CMV	pp65
CASSQSPGGTQYF	TRBV	TRBJ				subject.0297	3	HLA-A2	EBV	BMLF1
CASSDLDSNQPQHF	TRBV	TRBJ				subject.0297	3	HLA-A2	flu	M1
CASSEALVLEQFF	TRBV	TRBJ				subject.0297	3	HLA-A2	flu	M1
CASSLGTGHNEQFF	TRBV	TRBJ				subject.0297	3	HLA-A2	flu	M1
CASSMRAGVEQFF	TRBV	TRBJ				subject.0297	3	HLA-A2	flu	M1
CASSPRQGIETQYF	TRBV	TRBJ				subject.0297	3	HLA-A2	flu	M1
CASSSDRGGYNEQFF	TRBV	TRBJ				subject.0297	3	HLA-A2	flu	M1
CASSTTSGGVETQYF	TRBV	TRBJ				subject.0297	3	HLA-A2	flu	M1
CASSTVSSYEQYF	TRBV	TRBJ				subject.0297	3	HLA-A2	flu	M1
CASSWQGNQPQHF	TRBV	TRBJ				subject.0297	3	HLA-A2	flu	M1
CASSYLYRIGQLEAFF	TRBV	TRBJ				subject.0297	3	HLA-A2	flu	M1
CAIRDKMNTEAFF	TRBV	TRBJ				subject.2533	3	HLA-A2	CMV	pp65
CAISAGTGVRNEQYF	TRBV	TRBJ				subject.2533	3	HLA-A2	CMV	pp65
CAISDGGRTDTYEQYF	TRBV	TRBJ				subject.2533	3	HLA-A2	CMV	pp65
CAISESYEQYF	TRBV	TRBJ				subject.2533	3	HLA-A2	CMV	pp65
CASGLTSGLAGGRGNEQFF	TRBV	TRBJ				subject.2533	3	HLA-A2	CMV	pp65
CASMGGSNEQFF	TRBV	TRBJ				subject.2533	3	HLA-A2	CMV	pp65
CASRDTSGTAYEQYF	TRBV	TRBJ				subject.2533	3	HLA-A2	CMV	pp65
CASREDGTEAFF	TRBV	TRBJ				subject.2533	3	HLA-A2	CMV	pp65
CASRSEETQYF	TRBV	TRBJ				subject.2533	3	HLA-A2	CMV	pp65
CASSFGLAGVEDTQYF	TRBV	TRBJ				subject.2533	3	HLA-A2	CMV	pp65
CASSFLQGNQPQHF	TRBV	TRBJ				subject.2533	3	HLA-A2	CMV	pp65
CASSFTSRGTGELFF	TRBV	TRBJ				subject.2533	3	HLA-A2	CMV	pp65
CASSFYGYSNQPQHF	TRBV	TRBJ				subject.2533	3	HLA-A2	CMV	pp65
CASSGTNSPLHF	TRBV	TRBJ				subject.2533	3	HLA-A2	CMV	pp65
CASSHEVYYEQYF	TRBV	TRBJ				subject.2533	3	HLA-A2	CMV	pp65
CASSIVPMFGEQYF	TRBV	TRBJ				subject.2533	3	HLA-A2	CMV	pp65
CASSLAQVDQYF	TRBV	TRBJ				subject.2533	3	HLA-A2	CMV	pp65
CASSLARGGLGEQYF	TRBV	TRBJ				subject.2533	3	HLA-A2	CMV	pp65
CASSLASPETQYF	TRBV	TRBJ				subject.2533	3	HLA-A2	CMV	pp65
CASSLAVGEDGSPLHF	TRBV	TRBJ				subject.2533	3	HLA-A2	CMV	pp65
CASSLDSTGGIGELFF	TRBV	TRBJ				subject.2533	3	HLA-A2	CMV	pp65
CASSLGRDLNQPQHF	TRBV	TRBJ				subject.2533	3	HLA-A2	CMV	pp65
CASSLGRGIYEQYF	TRBV	TRBJ				subject.2533	3	HLA-A2	CMV	pp65
CASSLLSGGSYNEQFF	TRBV	TRBJ				subject.2533	3	HLA-A2	CMV	pp65
CASSLQVASGSREEQFF	TRBV	TRBJ				subject.2533	3	HLA-A2	CMV	pp65
CASSLTGTTYGGYTF	TRBV	TRBJ				subject.2533	3	HLA-A2	CMV	pp65
CASSLTYGEYEQYF	TRBV	TRBJ				subject.2533	3	HLA-A2	CMV	pp65
CASSLVGDRDGYTF	TRBV	TRBJ				subject.2533	3	HLA-A2	CMV	pp65
CASSLVGSGGEQYF	TRBV	TRBJ				subject.2533	3	HLA-A2	CMV	pp65
CASSLVPSGSTDTQYF	TRBV	TRBJ				subject.2533	3	HLA-A2	CMV	pp65
CASSLWDPGELFF	TRBV	TRBJ				subject.2533	3	HLA-A2	CMV	pp65
CASSNLRWKGRGYTF	TRBV	TRBJ				subject.2533	3	HLA-A2	CMV	pp65
CASSPGQGGDEQYF	TRBV	TRBJ				subject.2533	3	HLA-A2	CMV	pp65
CASSPRAGTGNSPLHF	TRBV	TRBJ				subject.2533	3	HLA-A2	CMV	pp65
CASSPSSGAYEQYF	TRBV	TRBJ				subject.2533	3	HLA-A2	CMV	pp65
CASSQASGGPINEQFF	TRBV	TRBJ				subject.2533	3	HLA-A2	CMV	pp65
CASSQDALGYEQYF	TRBV	TRBJ				subject.2533	3	HLA-A2	CMV	pp65
CASSQEQGDIQYF	TRBV	TRBJ				subject.2533	3	HLA-A2	CMV	pp65
CASSQERGGKWAYEQYF	TRBV	TRBJ				subject.2533	3	HLA-A2	CMV	pp65
CASSQGGGPGANVLTF	TRBV	TRBJ				subject.2533	3	HLA-A2	CMV	pp65
CASSQGKDTQYF	TRBV	TRBJ				subject.2533	3	HLA-A2	CMV	pp65
CASSQGRDRPTEAFF	TRBV	TRBJ				subject.2533	3	HLA-A2	CMV	pp65
CASSQRMGLSETQYF	TRBV	TRBJ				subject.2533	3	HLA-A2	CMV	pp65
CASSQSGGDVGELFF	TRBV	TRBJ				subject.2533	3	HLA-A2	CMV	pp65
CASSRLGDGDSNQPQHF	TRBV	TRBJ				subject.2533	3	HLA-A2	CMV	pp65
CASSSNIGGSPLHF	TRBV	TRBJ				subject.2533	3	HLA-A2	CMV	pp65
CASSSRTSGINEQFF	TRBV	TRBJ				subject.2533	3	HLA-A2	CMV	pp65
CASSTPGAKLGDTGELFF	TRBV	TRBJ				subject.2533	3	HLA-A2	CMV	pp65
CASSYSRSDGHLGNTIYF	TRBV	TRBJ				subject.2533	3	HLA-A2	CMV	pp65
CASSYSWGFQETQYF	TRBV	TRBJ				subject.2533	3	HLA-A2	CMV	pp65
CASTGTARFTGELFF	TRBV	TRBJ				subject.2533	3	HLA-A2	CMV	pp65
CATSRGTVSYEQYF	TRBV	TRBJ				subject.2533	3	HLA-A2	CMV	pp65
CATSRPTVGSRLRDGYTF	TRBV	TRBJ				subject.2533	3	HLA-A2	CMV	pp65
CAWIITSTDTQYF	TRBV	TRBJ				subject.2533	3	HLA-A2	CMV	pp65
CAWRPAMVYEQYF	TRBV	TRBJ				subject.2533	3	HLA-A2	CMV	pp65
CAWSEGDNQPQHF	TRBV	TRBJ				subject.2533	3	HLA-A2	CMV	pp65
CAWSGRLAGESGELFF	TRBV	TRBJ				subject.2533	3	HLA-A2	CMV	pp65
CAWSNQPQHF	TRBV	TRBJ				subject.2533	3	HLA-A2	CMV	pp65
CAWSVADTQYF	TRBV	TRBJ				subject.2533	3	HLA-A2	CMV	pp65
CSAARGHYGYTF	TRBV	TRBJ				subject.2533	3	HLA-A2	CMV	pp65
CSAGEASGVFQETQYF	TRBV	TRBJ				subject.2533	3	HLA-A2	CMV	pp65
CSAKVEGYEQYF	TRBV	TRBJ				subject.2533	3	HLA-A2	CMV	pp65
CSAMGMNTEAFF	TRBV	TRBJ				subject.2533	3	HLA-A2	CMV	pp65
CSAPPDSLNTEAFF	TRBV	TRBJ				subject.2533	3	HLA-A2	CMV	pp65
CSARAEGARDSPLHF	TRBV	TRBJ				subject.2533	3	HLA-A2	CMV	pp65
CSARDVPGTTLGGELFF	TRBV	TRBJ				subject.2533	3	HLA-A2	CMV	pp65
CSARPRVFRALETQYF	TRBV	TRBJ				subject.2533	3	HLA-A2	CMV	pp65
CSARRTGSTYNEQFF	TRBV	TRBJ				subject.2533	3	HLA-A2	CMV	pp65
CSARSLYSTDTQYF	TRBV	TRBJ				subject.2533	3	HLA-A2	CMV	pp65
CSARYGSTCEQYF	TRBV	TRBJ				subject.2533	3	HLA-A2	CMV	pp65
CSASRQSNQPQHF	TRBV	TRBJ				subject.2533	3	HLA-A2	CMV	pp65
CSATTESNQPQHF	TRBV	TRBJ				subject.2533	3	HLA-A2	CMV	pp65
CSDGQAFF	TRBV	TRBJ				subject.2533	3	HLA-A2	CMV	pp65
CSGGRGEETQYF	TRBV	TRBJ				subject.2533	3	HLA-A2	CMV	pp65
CSVEDPAGTYEQYL	TRBV	TRBJ				subject.2533	3	HLA-A2	CMV	pp65
CSVEYRDNEQFF	TRBV	TRBJ				subject.2533	3	HLA-A2	CMV	pp65
CSVGLAGSYNEQFF	TRBV	TRBJ				subject.2533	3	HLA-A2	CMV	pp65
CAISRGNEQYF	TRBV	TRBJ				subject.2533	3	HLA-A2	flu	M1
CASSFGQGGYEQYF	TRBV	TRBJ				subject.2533	3	HLA-A2	flu	M1
CASSGDFPNEQFF	TRBV	TRBJ				subject.2533	3	HLA-A2	flu	M1
CASSLGTGPYNEQFF	TRBV	TRBJ				subject.2533	3	HLA-A2	flu	M1
CASSLMADTQYF	TRBV	TRBJ				subject.2533	3	HLA-A2	flu	M1
CASSMRSYNEQFF	TRBV	TRBJ				subject.2533	3	HLA-A2	flu	M1
CASSPDGPYNEQFF	TRBV	TRBJ				subject.2533	3	HLA-A2	flu	M1
CASSQDEPYEQYF	TRBV	TRBJ				subject.2533	3	HLA-A2	flu	M1
CASSQEVFRLAETSGEYEQYF	TRBV	TRBJ				subject.2533	3	HLA-A2	flu	M1
CSARVAGVEDTQYF	TRBV	TRBJ				subject.2533	3	HLA-A2	flu	M1
CASRDRLVSYEQYF	TRBV	TRBJ				subject-0048	3	HLA-A1	CMV	pp50
CASSWTGPSYEQYF	TRBV	TRBJ				subject-0048	3	HLA-A1	CMV	pp50
CASSYSSSSYNEQFF	TRBV	TRBJ				subject-0048	3	HLA-A1	flu	NP44
CASRASGLASNEQFF	TRBV	TRBJ				subject-0898	3	HLA-A2	CMV	pp65
CASSDAGFRTQYF	TRBV	TRBJ				subject-0898	3	HLA-A2	CMV	pp65
CASSFQGYTEAFF	TRBV	TRBJ				subject-0898	3	HLA-A2	CMV	pp65
CASSFSSLNTGELFF	TRBV	TRBJ				subject-0898	3	HLA-A2	CMV	pp65
CASSLAGYEQYF	TRBV	TRBJ				subject-0898	3	HLA-A2	CMV	pp65
CASSLEGFTEAFF	TRBV	TRBJ				subject-0898	3	HLA-A2	CMV	pp65
CASSWSGGGARDTQYF	TRBV	TRBJ				subject-0898	3	HLA-A2	CMV	pp65
CATSSGYEAGDNYEQYF	TRBV	TRBJ				subject-0898	3	HLA-A2	CMV	pp65
CSVVAGGADTQYF	TRBV	TRBJ				subject-0898	3	HLA-A2	CMV	pp65
CASSYTLPGTVPQRNQPQHF	TRBV	TRBJ				subject-0898	3	HLA-A2	flu	M1
CACRPRALYGYTF	TRBV	TRBJ				subject-0958	3	HLA-A1	CMV	pp50
CAGTLAGGTDTQYF	TRBV	TRBJ				subject-0958	3	HLA-A1	CMV	pp50
CAPRGGTNTGELFF	TRBV	TRBJ				subject-0958	3	HLA-A1	CMV	pp50
CASGLDGGPEQFF	TRBV	TRBJ				subject-0958	3	HLA-A1	CMV	pp50
CASNWQGPYNEQFF	TRBV	TRBJ				subject-0958	3	HLA-A1	CMV	pp50
CASRAAPNTEAFF	TRBV	TRBJ				subject-0958	3	HLA-A1	CMV	pp50
CASREEGCQPQHF	TRBV	TRBJ				subject-0958	3	HLA-A1	CMV	pp50
CASRHNTQASHEQYF	TRBV	TRBJ				subject-0958	3	HLA-A1	CMV	pp50
CASRHPLQGKSGYGYTF	TRBV	TRBJ				subject-0958	3	HLA-A1	CMV	pp50
CASRKGGSDTQYF	TRBV	TRBJ				subject-0958	3	HLA-A1	CMV	pp50
CASRLTNGADTQYF	TRBV	TRBJ				subject-0958	3	HLA-A1	CMV	pp50
CASRPGTSGRNNEQFF	TRBV	TRBJ				subject-0958	3	HLA-A1	CMV	pp50
CASRTSRQGIPEAFF	TRBV	TRBJ				subject-0958	3	HLA-A1	CMV	pp50
CASRWSGGGARDPQYF	TRBV	TRBJ				subject-0958	3	HLA-A1	CMV	pp50
CASRWSGGGARDTQNF	TRBV	TRBJ				subject-0958	3	HLA-A1	CMV	pp50
CASSAAGALGYTF	TRBV	TRBJ				subject-0958	3	HLA-A1	CMV	pp50
CASSADRDRGLDTGELFF	TRBV	TRBJ				subject-0958	3	HLA-A1	CMV	pp50
CASSAIGGAYEQYF	TRBV	TRBJ				subject-0958	3	HLA-A1	CMV	pp50
CASSAVLAGVDDEQYF	TRBV	TRBJ				subject-0958	3	HLA-A1	CMV	pp50
CASSDDRRAFF	TRBV	TRBJ				subject-0958	3	HLA-A1	CMV	pp50
CASSDLAVSYNEQFF	TRBV	TRBJ				subject-0958	3	HLA-A1	CMV	pp50
CASSDLRAGELFF	TRBV	TRBJ				subject-0958	3	HLA-A1	CMV	pp50
CASSEAHAVYEQYF	TRBV	TRBJ				subject-0958	3	HLA-A1	CMV	pp50
CASSEMAGGSTDTQYF	TRBV	TRBJ				subject-0958	3	HLA-A1	CMV	pp50
CASSESLLTEQFF	TRBV	TRBJ				subject-0958	3	HLA-A1	CMV	pp50
CASSFITDTQYF	TRBV	TRBJ				subject-0958	3	HLA-A1	CMV	pp50
CASSFPRVNTGELFF	TRBV	TRBJ				subject-0958	3	HLA-A1	CMV	pp50
CASSFPVLAGLSSTDTQYF	TRBV	TRBJ				subject-0958	3	HLA-A1	CMV	pp50
CASSFRAGYNEQFF	TRBV	TRBJ				subject-0958	3	HLA-A1	CMV	pp50
CASSGEREDNEQFF	TRBV	TRBJ				subject-0958	3	HLA-A1	CMV	pp50
CASSGGQGPLKELTYEQYF	TRBV	TRBJ				subject-0958	3	HLA-A1	CMV	pp50
CASSGPSNEQFF	TRBV	TRBJ				subject-0958	3	HLA-A1	CMV	pp50
CASSGTSLGGELFF	TRBV	TRBJ				subject-0958	3	HLA-A1	CMV	pp50
CASSLAGAGNEQFF	TRBV	TRBJ				subject-0958	3	HLA-A1	CMV	pp50
CASSLAGFGQPQHF	TRBV	TRBJ				subject-0958	3	HLA-A1	CMV	pp50
CASSLAGNSAEQYF	TRBV	TRBJ				subject-0958	3	HLA-A1	CMV	pp50
CASSLAPASGRRDNEQFF	TRBV	TRBJ				subject-0958	3	HLA-A1	CMV	pp50
CASSLAPDRVEGQPQHF	TRBV	TRBJ				subject-0958	3	HLA-A1	CMV	pp50
CASSLAPGQGILNEQFF	TRBV	TRBJ				subject-0958	3	HLA-A1	CMV	pp50
CASSLAQGYEQYF	TRBV	TRBJ				subject-0958	3	HLA-A1	CMV	pp50
CASSLASTGELFF	TRBV	TRBJ				subject-0958	3	HLA-A1	CMV	pp50
CASSLAVGDSPLHF	TRBV	TRBJ				subject-0958	3	HLA-A1	CMV	pp50
CASSLEAGDQPQHF	TRBV	TRBJ				subject-0958	3	HLA-A1	CMV	pp50
CASSLEAGGQPQHF	TRBV	TRBJ				subject-0958	3	HLA-A1	CMV	pp50
CASSLEGLAAQETQYF	TRBV	TRBJ				subject-0958	3	HLA-A1	CMV	pp50
CASSLEGSTDTQYF	TRBV	TRBJ				subject-0958	3	HLA-A1	CMV	pp50
CASSLEREDYEQYF	TRBV	TRBJ				subject-0958	3	HLA-A1	CMV	pp50
CASSLEVGLSYEQYF	TRBV	TRBJ				subject-0958	3	HLA-A1	CMV	pp50
CASSLFGDNEKLFF	TRBV	TRBJ				subject-0958	3	HLA-A1	CMV	pp50
CASSLFGGNTEAFF	TRBV	TRBJ				subject-0958	3	HLA-A1	CMV	pp50
CASSLFSSGQETQYF	TRBV	TRBJ				subject-0958	3	HLA-A1	CMV	pp50
CASSLGGEQFF	TRBV	TRBJ				subject-0958	3	HLA-A1	CMV	pp50
CASSLGGSGYEQYF	TRBV	TRBJ				subject-0958	3	HLA-A1	CMV	pp50
CASSLGQGGSYEQYF	TRBV	TRBJ				subject-0958	3	HLA-A1	CMV	pp50
CASSLGTGEVVGELFF	TRBV	TRBJ				subject-0958	3	HLA-A1	CMV	pp50
CASSLGTGGWETQYF	TRBV	TRBJ				subject-0958	3	HLA-A1	CMV	pp50
CASSLGTSGSYEQYF	TRBV	TRBJ				subject-0958	3	HLA-A1	CMV	pp50
CASSLGVAGEAFF	TRBV	TRBJ				subject-0958	3	HLA-A1	CMV	pp50
CASSLGVDEQFF	TRBV	TRBJ				subject-0958	3	HLA-A1	CMV	pp50
CASSLGYGTEAFF	TRBV	TRBJ				subject-0958	3	HLA-A1	CMV	pp50
CASSLHETGMNTEAFF	TRBV	TRBJ				subject-0958	3	HLA-A1	CMV	pp50
CASSLIASPADTQYF	TRBV	TRBJ				subject-0958	3	HLA-A1	CMV	pp50
CASSLIGEGTTEDEQFF	TRBV	TRBJ				subject-0958	3	HLA-A1	CMV	pp50
CASSLLSGTSYEQYF	TRBV	TRBJ				subject-0958	3	HLA-A1	CMV	pp50
CASSLNPRQGRDEQFF	TRBV	TRBJ				subject-0958	3	HLA-A1	CMV	pp50
CASSLNPRQGRDEQYF	TRBV	TRBJ				subject-0958	3	HLA-A1	CMV	pp50
CASSLNSLWVAGGNNEQFF	TRBV	TRBJ				subject-0958	3	HLA-A1	CMV	pp50
CASSLPAGDIQYF	TRBV	TRBJ				subject-0958	3	HLA-A1	CMV	pp50
CASSLPGPKEQYF	TRBV	TRBJ				subject-0958	3	HLA-A1	CMV	pp50
CASSLPLTDTQYF	TRBV	TRBJ				subject-0958	3	HLA-A1	CMV	pp50
CASSLPSGRAYEQYF	TRBV	TRBJ				subject-0958	3	HLA-A1	CMV	pp50
CASSLRGAGVFETQYF	TRBV	TRBJ				subject-0958	3	HLA-A1	CMV	pp50
CASSLRRGPDTGELFF	TRBV	TRBJ				subject-0958	3	HLA-A1	CMV	pp50
CASSLRRLAGQYEQFF	TRBV	TRBJ				subject-0958	3	HLA-A1	CMV	pp50
CASSLSGLGDNEQFF	TRBV	TRBJ				subject-0958	3	HLA-A1	CMV	pp50
CASSLSGSYEQFF	TRBV	TRBJ				subject-0958	3	HLA-A1	CMV	pp50
CASSLSGSYEQYF	TRBV	TRBJ				subject-0958	3	HLA-A1	CMV	pp50
CASSLSLAGIPDTQYF	TRBV	TRBJ				subject-0958	3	HLA-A1	CMV	pp50
CASSLSLAGREQFF	TRBV	TRBJ				subject-0958	3	HLA-A1	CMV	pp50
CASSLSTSEQFF	TRBV	TRBJ				subject-0958	3	HLA-A1	CMV	pp50
CASSLTDTQYF	TRBV	TRBJ				subject-0958	3	HLA-A1	CMV	pp50
CASSLTGAPTGNSNQPQHF	TRBV	TRBJ				subject-0958	3	HLA-A1	CMV	pp50
CASSLTGGYEQYF	TRBV	TRBJ				subject-0958	3	HLA-A1	CMV	pp50
CASSLTGLAGTGELFF	TRBV	TRBJ				subject-0958	3	HLA-A1	CMV	pp50
CASSLVDLVHGYTF	TRBV	TRBJ				subject-0958	3	HLA-A1	CMV	pp50
CASSLVEQGIEQYF	TRBV	TRBJ				subject-0958	3	HLA-A1	CMV	pp50
CASSLVLGLAQGYNEQFF	TRBV	TRBJ				subject-0958	3	HLA-A1	CMV	pp50
CASSLVRVRTSGYYEQYF	TRBV	TRBJ				subject-0958	3	HLA-A1	CMV	pp50
CASSLVVPQLPTYEQFF	TRBV	TRBJ				subject-0958	3	HLA-A1	CMV	pp50
CASSLVVPQLPTYEQYF	TRBV	TRBJ				subject-0958	3	HLA-A1	CMV	pp50
CASSPDTGELFF	TRBV	TRBJ				subject-0958	3	HLA-A1	CMV	pp50
CASSPEGAQSYEQYF	TRBV	TRBJ				subject-0958	3	HLA-A1	CMV	pp50
CASSPEWGYEQYF	TRBV	TRBJ				subject-0958	3	HLA-A1	CMV	pp50
CASSPGAVYEQYF	TRBV	TRBJ				subject-0958	3	HLA-A1	CMV	pp50
CASSPGLAMNNEQFF	TRBV	TRBJ				subject-0958	3	HLA-A1	CMV	pp50
CASSPGPGAGYGYTF	TRBV	TRBJ				subject-0958	3	HLA-A1	CMV	pp50
CASSPGPTGELFF	TRBV	TRBJ				subject-0958	3	HLA-A1	CMV	pp50
CASSPGQDTDTQYF	TRBV	TRBJ				subject-0958	3	HLA-A1	CMV	pp50
CASSPGQLLTF	TRBV	TRBJ				subject-0958	3	HLA-A1	CMV	pp50
CASSPGSTDTQYF	TRBV	TRBJ				subject-0958	3	HLA-A1	CMV	pp50
CASSPIGGLEETQYF	TRBV	TRBJ				subject-0958	3	HLA-A1	CMV	pp50
CASSPMSGSNEQFF	TRBV	TRBJ				subject-0958	3	HLA-A1	CMV	pp50
CASSPPGIGGYNEQFF	TRBV	TRBJ				subject-0958	3	HLA-A1	CMV	pp50
CASSPPLGAQQFF	TRBV	TRBJ				subject-0958	3	HLA-A1	CMV	pp50
CASSPPWTNEKLFF	TRBV	TRBJ				subject-0958	3	HLA-A1	CMV	pp50
CASSPQGINTEAFF	TRBV	TRBJ				subject-0958	3	HLA-A1	CMV	pp50
CASSPQGVVEQFF	TRBV	TRBJ				subject-0958	3	HLA-A1	CMV	pp50
CASSPRGRYYEQYF	TRBV	TRBJ				subject-0958	3	HLA-A1	CMV	pp50
CASSPRSGLGPYNEQFF	TRBV	TRBJ				subject-0958	3	HLA-A1	CMV	pp50
CASSPRTGLNTEAFF	TRBV	TRBJ				subject-0958	3	HLA-A1	CMV	pp50
CASSPRTSGNEQFF	TRBV	TRBJ				subject-0958	3	HLA-A1	CMV	pp50
CASSPTGGGTGELFF	TRBV	TRBJ				subject-0958	3	HLA-A1	CMV	pp50
CASSPTGGNTGELFF	TRBV	TRBJ				subject-0958	3	HLA-A1	CMV	pp50
CASSPTGGSSYEQYF	TRBV	TRBJ				subject-0958	3	HLA-A1	CMV	pp50
CASSPTWSPYEQYF	TRBV	TRBJ				subject-0958	3	HLA-A1	CMV	pp50
CASSPVAGGNHNEQFF	TRBV	TRBJ				subject-0958	3	HLA-A1	CMV	pp50
CASSPVGGSYNEQFF	TRBV	TRBJ				subject-0958	3	HLA-A1	CMV	pp50
CASSQAGSNYGYTF	TRBV	TRBJ				subject-0958	3	HLA-A1	CMV	pp50
CASSQAHEFRGNTIYF	TRBV	TRBJ				subject-0958	3	HLA-A1	CMV	pp50
CASSQAPRGWDEQYF	TRBV	TRBJ				subject-0958	3	HLA-A1	CMV	pp50
CASSQDAQGGGSYNEQFF	TRBV	TRBJ				subject-0958	3	HLA-A1	CMV	pp50
CASSQDFLQTFNQPQHF	TRBV	TRBJ				subject-0958	3	HLA-A1	CMV	pp50
CASSQDGLGGSYNEQFF	TRBV	TRBJ				subject-0958	3	HLA-A1	CMV	pp50
CASSQDGRAQGGEAFF	TRBV	TRBJ				subject-0958	3	HLA-A1	CMV	pp50
CASSQDGTGIGGKLFF	TRBV	TRBJ				subject-0958	3	HLA-A1	CMV	pp50
CASSQDIGVSYEQYF	TRBV	TRBJ				subject-0958	3	HLA-A1	CMV	pp50
CASSQDISDTDTQYF	TRBV	TRBJ				subject-0958	3	HLA-A1	CMV	pp50
CASSQDKTRSRGSYNEQFF	TRBV	TRBJ				subject-0958	3	HLA-A1	CMV	pp50
CASSQDRAGLYEQYF	TRBV	TRBJ				subject-0958	3	HLA-A1	CMV	pp50
CASSQDRNSGYGYTF	TRBV	TRBJ				subject-0958	3	HLA-A1	CMV	pp50
CASSQDRQGWNEQYF	TRBV	TRBJ				subject-0958	3	HLA-A1	CMV	pp50
CASSQDRRGGNYEQYF	TRBV	TRBJ				subject-0958	3	HLA-A1	CMV	pp50
CASSQDRRRAWNEQFF	TRBV	TRBJ				subject-0958	3	HLA-A1	CMV	pp50
CASSQDRSLEQYF	TRBV	TRBJ				subject-0958	3	HLA-A1	CMV	pp50
CASSQDRTGGGGYTF	TRBV	TRBJ				subject-0958	3	HLA-A1	CMV	pp50
CASSQDTGAGSYNEQFF	TRBV	TRBJ				subject-0958	3	HLA-A1	CMV	pp50
CASSQDTGLGVGAYEQYF	TRBV	TRBJ				subject-0958	3	HLA-A1	CMV	pp50
CASSQDTGQGVEQYF	TRBV	TRBJ				subject-0958	3	HLA-A1	CMV	pp50
CASSQDTKGANTEAFF	TRBV	TRBJ				subject-0958	3	HLA-A1	CMV	pp50
CASSQDWDTQYF	TRBV	TRBJ				subject-0958	3	HLA-A1	CMV	pp50
CASSQERSMNTEAFF	TRBV	TRBJ				subject-0958	3	HLA-A1	CMV	pp50
CASSQESGGGYEQFF	TRBV	TRBJ				subject-0958	3	HLA-A1	CMV	pp50
CASSQETIAKNIQYF	TRBV	TRBJ				subject-0958	3	HLA-A1	CMV	pp50
CASSQFSAGGSTDTQYF	TRBV	TRBJ				subject-0958	3	HLA-A1	CMV	pp50
CASSQGASADTQYF	TRBV	TRBJ				subject-0958	3	HLA-A1	CMV	pp50
CASSQGGSDTQYF	TRBV	TRBJ				subject-0958	3	HLA-A1	CMV	pp50
CASSQGPGQGANYGYTF	TRBV	TRBJ				subject-0958	3	HLA-A1	CMV	pp50
CASSQGQVGDGYTF	TRBV	TRBJ				subject-0958	3	HLA-A1	CMV	pp50
CASSQGRGDTEAFF	TRBV	TRBJ				subject-0958	3	HLA-A1	CMV	pp50
CASSQGRGRNTEAFF	TRBV	TRBJ				subject-0958	3	HLA-A1	CMV	pp50
CASSQGSAPSYEQYF	TRBV	TRBJ				subject-0958	3	HLA-A1	CMV	pp50
CASSQGTATNSPLHF	TRBV	TRBJ				subject-0958	3	HLA-A1	CMV	pp50
CASSQGTGGDEQYF	TRBV	TRBJ				subject-0958	3	HLA-A1	CMV	pp50
CASSQGTGNTEAFF	TRBV	TRBJ				subject-0958	3	HLA-A1	CMV	pp50
CASSQGTVDEQFF	TRBV	TRBJ				subject-0958	3	HLA-A1	CMV	pp50
CASSQLAGVVTQYF	TRBV	TRBJ				subject-0958	3	HLA-A1	CMV	pp50
CASSQLGQGNTGELFF	TRBV	TRBJ				subject-0958	3	HLA-A1	CMV	pp50
CASSQLPGPEAFF	TRBV	TRBJ				subject-0958	3	HLA-A1	CMV	pp50
CASSQMEQLEQYF	TRBV	TRBJ				subject-0958	3	HLA-A1	CMV	pp50
CASSQPGLAVEQYF	TRBV	TRBJ				subject-0958	3	HLA-A1	CMV	pp50
CASSQSRSSYNEQFF	TRBV	TRBJ				subject-0958	3	HLA-A1	CMV	pp50
CASSQVGTGSINEQFF	TRBV	TRBJ				subject-0958	3	HLA-A1	CMV	pp50
CASSQVQGAYEQYF	TRBV	TRBJ				subject-0958	3	HLA-A1	CMV	pp50
CASSQVQGTDTQYF	TRBV	TRBJ				subject-0958	3	HLA-A1	CMV	pp50
CASSRAGTGGSETQYF	TRBV	TRBJ				subject-0958	3	HLA-A1	CMV	pp50
CASSRDRGPIGEQYF	TRBV	TRBJ				subject-0958	3	HLA-A1	CMV	pp50
CASSRGEGGNEQFF	TRBV	TRBJ				subject-0958	3	HLA-A1	CMV	pp50
CASSRRGQNTEAFF	TRBV	TRBJ				subject-0958	3	HLA-A1	CMV	pp50
CASSRTLNTEAFF	TRBV	TRBJ				subject-0958	3	HLA-A1	CMV	pp50
CASSRYRQYNQPQHF	TRBV	TRBJ				subject-0958	3	HLA-A1	CMV	pp50
CASSRYTGTSGNNEQFF	TRBV	TRBJ				subject-0958	3	HLA-A1	CMV	pp50
CASSSGLGGPETQYF	TRBV	TRBJ				subject-0958	3	HLA-A1	CMV	pp50
CASSSGRGLVQYF	TRBV	TRBJ				subject-0958	3	HLA-A1	CMV	pp50
CASSSGRTAFYEQYF	TRBV	TRBJ				subject-0958	3	HLA-A1	CMV	pp50
CASSSGTFYGYTF	TRBV	TRBJ				subject-0958	3	HLA-A1	CMV	pp50
CASSSIAGPIEQFF	TRBV	TRBJ				subject-0958	3	HLA-A1	CMV	pp50
CASSSIWTSGREETQYF	TRBV	TRBJ				subject-0958	3	HLA-A1	CMV	pp50
CASSSLERGWETQYF	TRBV	TRBJ				subject-0958	3	HLA-A1	CMV	pp50
CASSSLGTEAFF	TRBV	TRBJ				subject-0958	3	HLA-A1	CMV	pp50
CASSSLGTRSPLHF	TRBV	TRBJ				subject-0958	3	HLA-A1	CMV	pp50
CASSSNRAGELFF	TRBV	TRBJ				subject-0958	3	HLA-A1	CMV	pp50
CASSSQEGIEAFF	TRBV	TRBJ				subject-0958	3	HLA-A1	CMV	pp50
CASSSSGQVYEQYF	TRBV	TRBJ				subject-0958	3	HLA-A1	CMV	pp50
CASSSSSGRTTDTQYF	TRBV	TRBJ				subject-0958	3	HLA-A1	CMV	pp50
CASSSTDSLWEKLFF	TRBV	TRBJ				subject-0958	3	HLA-A1	CMV	pp50
CASSSTLGTQYF	TRBV	TRBJ				subject-0958	3	HLA-A1	CMV	pp50
CASSTEGLLSTDTQYF	TRBV	TRBJ				subject-0958	3	HLA-A1	CMV	pp50
CASSTSRSGGIDTQYF	TRBV	TRBJ				subject-0958	3	HLA-A1	CMV	pp50
CASSWDSSYEQYF	TRBV	TRBJ				subject-0958	3	HLA-A1	CMV	pp50
CASSWFGGGARDTQYF	TRBV	TRBJ				subject-0958	3	HLA-A1	CMV	pp50
CASSWPGGGARDTQHF	TRBV	TRBJ				subject-0958	3	HLA-A1	CMV	pp50
CASSWSGGAARDTQYF	TRBV	TRBJ				subject-0958	3	HLA-A1	CMV	pp50
CASSWSGGARDTQYF	TRBV	TRBJ				subject-0958	3	HLA-A1	CMV	pp50
CASSWSGGGARATQYF	TRBV	TRBJ				subject-0958	3	HLA-A1	CMV	pp50
CASSWSGGGARDMQYF	TRBV	TRBJ				subject-0958	3	HLA-A1	CMV	pp50
CASSWSGGGARDTKNF	TRBV	TRBJ				subject-0958	3	HLA-A1	CMV	pp50
CASSWSGGGARDTQDV	TRBV	TRBJ				subject-0958	3	HLA-A1	CMV	pp50
CASSWSGGGARDTQHF	TRBV	TRBJ				subject-0958	3	HLA-A1	CMV	pp50
CASSWSGGGARDTQNF	TRBV	TRBJ				subject-0958	3	HLA-A1	CMV	pp50
CASSWSGGGARDTQYF	TRBV	TRBJ				subject-0958	3	HLA-A1	CMV	pp50
CASSWSGGGARVPQYF	TRBV	TRBJ				subject-0958	3	HLA-A1	CMV	pp50
CASSWSGGGASATQYF	TRBV	TRBJ				subject-0958	3	HLA-A1	CMV	pp50
CASSWSGGGASDTPYF	TRBV	TRBJ				subject-0958	3	HLA-A1	CMV	pp50
CASSWSGGGGARDTQYF	TRBV	TRBJ				subject-0958	3	HLA-A1	CMV	pp50
CASSWSGGGPRDTQNF	TRBV	TRBJ				subject-0958	3	HLA-A1	CMV	pp50
CASSWSGGGTTDTQYF	TRBV	TRBJ				subject-0958	3	HLA-A1	CMV	pp50
CASSWSGGRASDTQYF	TRBV	TRBJ				subject-0958	3	HLA-A1	CMV	pp50
CASSWTGGGARDTQYF	TRBV	TRBJ				subject-0958	3	HLA-A1	CMV	pp50
CASSYDRGDYEQYF	TRBV	TRBJ				subject-0958	3	HLA-A1	CMV	pp50
CASSYGGGGYEQFF	TRBV	TRBJ				subject-0958	3	HLA-A1	CMV	pp50
CASSYGGPLADTQYF	TRBV	TRBJ				subject-0958	3	HLA-A1	CMV	pp50
CASSYLAGEGYEQYF	TRBV	TRBJ				subject-0958	3	HLA-A1	CMV	pp50
CASSYPSNPGGTEAFF	TRBV	TRBJ				subject-0958	3	HLA-A1	CMV	pp50
CASSYSAGGPYEQYF	TRBV	TRBJ				subject-0958	3	HLA-A1	CMV	pp50
CASSYYSSNYGYTF	TRBV	TRBJ				subject-0958	3	HLA-A1	CMV	pp50
CASTHAGRPYEQYF	TRBV	TRBJ				subject-0958	3	HLA-A1	CMV	pp50
CASTLLGGKYEQYF	TRBV	TRBJ				subject-0958	3	HLA-A1	CMV	pp50
CASTPGATTGELFF	TRBV	TRBJ				subject-0958	3	HLA-A1	CMV	pp50
CASTQEPGELFF	TRBV	TRBJ				subject-0958	3	HLA-A1	CMV	pp50
CATDHGGTDEAFF	TRBV	TRBJ				subject-0958	3	HLA-A1	CMV	pp50
CATSPRGGNQPQHF	TRBV	TRBJ				subject-0958	3	HLA-A1	CMV	pp50
CATSVTVLDTGELFF	TRBV	TRBJ				subject-0958	3	HLA-A1	CMV	pp50
CAWNKGIAGYTF	TRBV	TRBJ				subject-0958	3	HLA-A1	CMV	pp50
CAWRPEPGQEEFNAYF	TRBV	TRBJ				subject-0958	3	HLA-A1	CMV	pp50
CAWSAGVNTGELFF	TRBV	TRBJ				subject-0958	3	HLA-A1	CMV	pp50
CAWSLPASYEQYF	TRBV	TRBJ				subject-0958	3	HLA-A1	CMV	pp50
CAWSLVEGTGELFF	TRBV	TRBJ				subject-0958	3	HLA-A1	CMV	pp50
CAWSVLGGAVETQYF	TRBV	TRBJ				subject-0958	3	HLA-A1	CMV	pp50
CAWSVYRGYEQYF	TRBV	TRBJ				subject-0958	3	HLA-A1	CMV	pp50
CAWSWSGGGTGELFF	TRBV	TRBJ				subject-0958	3	HLA-A1	CMV	pp50
CAWSWSSTDTQYF	TRBV	TRBJ				subject-0958	3	HLA-A1	CMV	pp50
CAWTSGGASEQYF	TRBV	TRBJ				subject-0958	3	HLA-A1	CMV	pp50
CSALGGDGETQYF	TRBV	TRBJ				subject-0958	3	HLA-A1	CMV	pp50
CSANSVSYNEQFF	TRBV	TRBJ				subject-0958	3	HLA-A1	CMV	pp50
CSARALGLVWSDEQFF	TRBV	TRBJ				subject-0958	3	HLA-A1	CMV	pp50
CSARDLDSLSYEQYF	TRBV	TRBJ				subject-0958	3	HLA-A1	CMV	pp50
CSARDRDRAMNTEAFF	TRBV	TRBJ				subject-0958	3	HLA-A1	CMV	pp50
CSARDRGWDEQFF	TRBV	TRBJ				subject-0958	3	HLA-A1	CMV	pp50
CSARDTLAGGVQETQYF	TRBV	TRBJ				subject-0958	3	HLA-A1	CMV	pp50
CSATGTSGRVETQYF	TRBV	TRBJ				subject-0958	3	HLA-A1	CMV	pp50
CSGLTESPAHYSGANVLTF	TRBV	TRBJ				subject-0958	3	HLA-A1	CMV	pp50
CSGRLTGGNEQYF	TRBV	TRBJ				subject-0958	3	HLA-A1	CMV	pp50
CSHRTGLGIEAFF	TRBV	TRBJ				subject-0958	3	HLA-A1	CMV	pp50
CSQQVNNEQFF	TRBV	TRBJ				subject-0958	3	HLA-A1	CMV	pp50
CSVEDAGGTYEQYF	TRBV	TRBJ				subject-0958	3	HLA-A1	CMV	pp50
CSVEEGAYEQYF	TRBV	TRBJ				subject-0958	3	HLA-A1	CMV	pp50
CSVERTGELFF	TRBV	TRBJ				subject-0958	3	HLA-A1	CMV	pp50
CSVGEPGQSSYEQYF	TRBV	TRBJ				subject-0958	3	HLA-A1	CMV	pp50
CSVGGSTDTQYF	TRBV	TRBJ				subject-0958	3	HLA-A1	CMV	pp50
CSVLGGGGYEQYF	TRBV	TRBJ				subject-0958	3	HLA-A1	CMV	pp50
CSVLTGTGYEQYF	TRBV	TRBJ				subject-0958	3	HLA-A1	CMV	pp50
CSVNEGSDEQYF	TRBV	TRBJ				subject-0958	3	HLA-A1	CMV	pp50
CSVPSDMSKKTQYF	TRBV	TRBJ				subject-0958	3	HLA-A1	CMV	pp50
CSVRPGGSYNEQFF	TRBV	TRBJ				subject-0958	3	HLA-A1	CMV	pp50
CSVSLGPAGPPF	TRBV	TRBJ				subject-0958	3	HLA-A1	CMV	pp50
CASSSGGPRAEQFF	TRBV	TRBJ				subject-0958	3	HLA-A1	flu	NP44
CATSRDLSFGYGYTF	TRBV	TRBJ				subject-0958	3	HLA-A1	flu	NP44
CATSREQNNSPLHF	TRBV	TRBJ				subject-0958	3	HLA-A1	flu	NP44
CATVGGIDQPQHF	TRBV	TRBJ				subject-0958	3	HLA-A1	flu	NP44
CSAEIADYEQYF	TRBV	TRBJ				subject-0958	3	HLA-A1	flu	NP44
CSVDQDTQYF	TRBV	TRBJ				subject-0958	3	HLA-A1	flu	NP44
CASSDGQARNTGELFF	TRBV	TRBJ				subject-0959	3	HLA-B7	CMV	pp65
CASSLSSEGNQETQYF	TRBV	TRBJ				subject-0959	3	HLA-B7	CMV	pp65
CASSPEGTGSYEQYF	TRBV	TRBJ				subject-0959	3	HLA-B7	CMV	pp65
CASSPSRNTEAFF	TRBV	TRBJ				subject-0959	3	HLA-B7	CMV	pp65
CASSPTGITEAFF	TRBV	TRBJ				subject-0959	3	HLA-B7	CMV	pp65
CASSPTRNTEAFF	TRBV	TRBJ				subject-0959	3	HLA-B7	CMV	pp65
CASSSLAGELFF	TRBV	TRBJ				subject-0959	3	HLA-B7	CMV	pp65
CASSTRGTVYGYTF	TRBV	TRBJ				subject-0959	3	HLA-B7	CMV	pp65
CASSLGAAVREQYF	TRBV	TRBJ				subject-0959	3	HLA-B7	flu	NP177
CASSPGTDTQYF	TRBV	TRBJ				subject-0959	3	HLA-B7	flu	NP177
CASSVESGGLSYEQYF	TRBV	TRBJ				subject-0959	3	HLA-B7	flu	NP177
CASSFQGYTEAFF	TRBV	TRBJ				subject-1349	3	HLA-A2	CMV	pp65
CANSSHRGEAAFF	TRBV	TRBJ				subject-1515	3	HLA-A2	flu	M1
CASRTGTGAFYEQYF	TRBV	TRBJ				subject-1515	3	HLA-A2	flu	M1
CASRTGTRALYEQYF	TRBV	TRBJ				subject-1515	3	HLA-A2	flu	M1
CASSILAVAGNEQFF	TRBV	TRBJ				subject-1515	3	HLA-A2	flu	M1
CASSIRSDNEQFF	TRBV	TRBJ				subject-1515	3	HLA-A2	flu	M1
CASSIRSSYEQYF	TRBV	TRBJ				subject-1515	3	HLA-A2	flu	M1
CASSMRSGYEQYF	TRBV	TRBJ				subject-1515	3	HLA-A2	flu	M1
CASSMRSSWEQYF	TRBV	TRBJ				subject-1515	3	HLA-A2	flu	M1
CASSSFYTDTQYF	TRBV	TRBJ				subject-1515	3	HLA-A2	flu	M1
CASSSHRGEGAFF	TRBV	TRBJ				subject-1515	3	HLA-A2	flu	M1
CASRPRQGNLIDEQFF	TRBV	TRBJ				subject-1521	3	HLA-B7	CMV	pp65
CASSFQTSYEQYF	TRBV	TRBJ				subject-1521	3	HLA-B7	CMV	pp65
CASSPHRNTEAFF	TRBV	TRBJ				subject-1521	3	HLA-B7	CMV	pp65
CASSSRQGNLIDEQFF	TRBV	TRBJ				subject-1521	3	HLA-B7	CMV	pp65
CASSSRQGNLIDEQYF	TRBV	TRBJ				subject-1521	3	HLA-B7	CMV	pp65
CASRNSGRFETQYF	TRBV	TRBJ				subject-1633	3	HLA-B7	CMV	pp65
CASSPARNTEAFF	TRBV	TRBJ				subject-1633	3	HLA-B7	CMV	pp65
CASSPHRNTEAFF	TRBV	TRBJ				subject-1633	3	HLA-B7	CMV	pp65
CASSPQRNTEAFF	TRBV	TRBJ				subject-1633	3	HLA-B7	CMV	pp65
CASSPSRNTEAFF	TRBV	TRBJ				subject-1633	3	HLA-B7	CMV	pp65
CASSSSSQGAQETQYF	TRBV	TRBJ				subject-1633	3	HLA-B7	CMV	pp65
CASTRGLPQETQYF	TRBV	TRBJ				subject-1633	3	HLA-B7	CMV	pp65
CSVEGYSATYNEQFF	TRBV	TRBJ				subject-1633	3	HLA-B7	CMV	pp65
CAGGTDYEQYF	TRBV	TRBJ				subject-1633	3	HLA-B7	flu	NP177
CAMREGRRDDKIIF	TRBV	TRBJ				subject-1633	3	HLA-B7	flu	NP177
CAMREVYGQNFVF	TRBV	TRBJ				subject-1633	3	HLA-B7	flu	NP177
CANCRWAPAPYEQYF	TRBV	TRBJ				subject-1633	3	HLA-B7	flu	NP177
CASAGTSGYEQYF	TRBV	TRBJ				subject-1633	3	HLA-B7	flu	NP177
CASEPSGMTYNEQFF	TRBV	TRBJ				subject-1633	3	HLA-B7	flu	NP177
CASKGDRGFGNQPQHF	TRBV	TRBJ				subject-1633	3	HLA-B7	flu	NP177
CASREGSYNEQFF	TRBV	TRBJ				subject-1633	3	HLA-B7	flu	NP177
CASRIGAAGNSPLHF	TRBV	TRBJ				subject-1633	3	HLA-B7	flu	NP177
CASRLAGGSDEQFF	TRBV	TRBJ				subject-1633	3	HLA-B7	flu	NP177
CASRPGSRETDTQYF	TRBV	TRBJ				subject-1633	3	HLA-B7	flu	NP177
CASRQASEQYF	TRBV	TRBJ				subject-1633	3	HLA-B7	flu	NP177
CASRTSGGPADTQYF	TRBV	TRBJ				subject-1633	3	HLA-B7	flu	NP177
CASRVGGAGNNEQFF	TRBV	TRBJ				subject-1633	3	HLA-B7	flu	NP177
CASSARGLAGETNTDTQYF	TRBV	TRBJ				subject-1633	3	HLA-B7	flu	NP177
CASSASGTGGEQYF	TRBV	TRBJ				subject-1633	3	HLA-B7	flu	NP177
CASSAVGTGWHEQYF	TRBV	TRBJ				subject-1633	3	HLA-B7	flu	NP177
CASSDESWGEDEQFF	TRBV	TRBJ				subject-1633	3	HLA-B7	flu	NP177
CASSDGDEENIQYF	TRBV	TRBJ				subject-1633	3	HLA-B7	flu	NP177
CASSEARQGDQPQHF	TRBV	TRBJ				subject-1633	3	HLA-B7	flu	NP177
CASSEGLLYEQYF	TRBV	TRBJ				subject-1633	3	HLA-B7	flu	NP177
CASSELGGPNTEAFF	TRBV	TRBJ				subject-1633	3	HLA-B7	flu	NP177
CASSEVGKGNQPQHF	TRBV	TRBJ				subject-1633	3	HLA-B7	flu	NP177
CASSFALGGHGYTF	TRBV	TRBJ				subject-1633	3	HLA-B7	flu	NP177
CASSFDAGMNTEAFF	TRBV	TRBJ				subject-1633	3	HLA-B7	flu	NP177
CASSFGSSTQYF	TRBV	TRBJ				subject-1633	3	HLA-B7	flu	NP177
CASSFLAASFYEQYF	TRBV	TRBJ				subject-1633	3	HLA-B7	flu	NP177
CASSFREAYEQYF	TRBV	TRBJ				subject-1633	3	HLA-B7	flu	NP177
CASSFYGETQYF	TRBV	TRBJ				subject-1633	3	HLA-B7	flu	NP177
CASSGGLAGTYEQYF	TRBV	TRBJ				subject-1633	3	HLA-B7	flu	NP177
CASSGGVQGEQFF	TRBV	TRBJ				subject-1633	3	HLA-B7	flu	NP177
CASSHRDRATEAFF	TRBV	TRBJ				subject-1633	3	HLA-B7	flu	NP177
CASSIQGGREAFF	TRBV	TRBJ				subject-1633	3	HLA-B7	flu	NP177
CASSKQGSSYNEQFF	TRBV	TRBJ				subject-1633	3	HLA-B7	flu	NP177
CASSKTSASYEQYF	TRBV	TRBJ				subject-1633	3	HLA-B7	flu	NP177
CASSLAGPGLSTEAFF	TRBV	TRBJ				subject-1633	3	HLA-B7	flu	NP177
CASSLAPGLGTEAFF	TRBV	TRBJ				subject-1633	3	HLA-B7	flu	NP177
CASSLAQGMGPGNTIYF	TRBV	TRBJ				subject-1633	3	HLA-B7	flu	NP177
CASSLASSSQAYEQYF	TRBV	TRBJ				subject-1633	3	HLA-B7	flu	NP177
CASSLAVRNNEQFF	TRBV	TRBJ				subject-1633	3	HLA-B7	flu	NP177
CASSLDYRGVGYGYTF	TRBV	TRBJ				subject-1633	3	HLA-B7	flu	NP177
CASSLEGDQPQHF	TRBV	TRBJ				subject-1633	3	HLA-B7	flu	NP177
CASSLEGQASSYEQYF	TRBV	TRBJ				subject-1633	3	HLA-B7	flu	NP177
CASSLEGRNTEAFF	TRBV	TRBJ				subject-1633	3	HLA-B7	flu	NP177
CASSLGGANVLTF	TRBV	TRBJ				subject-1633	3	HLA-B7	flu	NP177
CASSLGGQGAGETQYF	TRBV	TRBJ				subject-1633	3	HLA-B7	flu	NP177
CASSLGMFDQPQHF	TRBV	TRBJ				subject-1633	3	HLA-B7	flu	NP177
CASSLGQGNTEAFF	TRBV	TRBJ				subject-1633	3	HLA-B7	flu	NP177
CASSLGQNRPQHF	TRBV	TRBJ				subject-1633	3	HLA-B7	flu	NP177
CASSLGRETQYF	TRBV	TRBJ				subject-1633	3	HLA-B7	flu	NP177
CASSLGRGTGELFF	TRBV	TRBJ				subject-1633	3	HLA-B7	flu	NP177
CASSLISQDTEAFF	TRBV	TRBJ				subject-1633	3	HLA-B7	flu	NP177
CASSLKAPEAFF	TRBV	TRBJ				subject-1633	3	HLA-B7	flu	NP177
CASSLLAGLVFDEQFF	TRBV	TRBJ				subject-1633	3	HLA-B7	flu	NP177
CASSLLGSGETQYF	TRBV	TRBJ				subject-1633	3	HLA-B7	flu	NP177
CASSLNDRGLTGNEQFF	TRBV	TRBJ				subject-1633	3	HLA-B7	flu	NP177
CASSLNRVAAVYEQYF	TRBV	TRBJ				subject-1633	3	HLA-B7	flu	NP177
CASSLQGPNQPQHF	TRBV	TRBJ				subject-1633	3	HLA-B7	flu	NP177
CASSLRKRSTGELFF	TRBV	TRBJ				subject-1633	3	HLA-B7	flu	NP177
CASSLRQGADEKLFF	TRBV	TRBJ				subject-1633	3	HLA-B7	flu	NP177
CASSLSDPYEQYF	TRBV	TRBJ				subject-1633	3	HLA-B7	flu	NP177
CASSLSEQGRGYTF	TRBV	TRBJ				subject-1633	3	HLA-B7	flu	NP177
CASSLSGSTDTQYF	TRBV	TRBJ				subject-1633	3	HLA-B7	flu	NP177
CASSLSRPDTQYF	TRBV	TRBJ				subject-1633	3	HLA-B7	flu	NP177
CASSLSTQPLGDEQFF	TRBV	TRBJ				subject-1633	3	HLA-B7	flu	NP177
CASSLTGTGEKLFF	TRBV	TRBJ				subject-1633	3	HLA-B7	flu	NP177
CASSLVAGTGSVSYEQYF	TRBV	TRBJ				subject-1633	3	HLA-B7	flu	NP177
CASSLVSGDTQYF	TRBV	TRBJ				subject-1633	3	HLA-B7	flu	NP177
CASSLWTTGGNQPQHF	TRBV	TRBJ				subject-1633	3	HLA-B7	flu	NP177
CASSLYTGGRETQYF	TRBV	TRBJ				subject-1633	3	HLA-B7	flu	NP177
CASSPAGPGMNTEAFF	TRBV	TRBJ				subject-1633	3	HLA-B7	flu	NP177
CASSPARAERGRELFF	TRBV	TRBJ				subject-1633	3	HLA-B7	flu	NP177
CASSPDRRLRTEAFF	TRBV	TRBJ				subject-1633	3	HLA-B7	flu	NP177
CASSPDSPYEQYF	TRBV	TRBJ				subject-1633	3	HLA-B7	flu	NP177
CASSPFSGPSYEQYF	TRBV	TRBJ				subject-1633	3	HLA-B7	flu	NP177
CASSPGISGYEQYF	TRBV	TRBJ				subject-1633	3	HLA-B7	flu	NP177
CASSPGLANTDTQYF	TRBV	TRBJ				subject-1633	3	HLA-B7	flu	NP177
CASSPKDRDPLGYGYTF	TRBV	TRBJ				subject-1633	3	HLA-B7	flu	NP177
CASSPLLTTSAPDTQYF	TRBV	TRBJ				subject-1633	3	HLA-B7	flu	NP177
CASSPPSGPVRNEQFF	TRBV	TRBJ				subject-1633	3	HLA-B7	flu	NP177
CASSPPSGPVRNEQYF	TRBV	TRBJ				subject-1633	3	HLA-B7	flu	NP177
CASSPPSGSAYNEQFF	TRBV	TRBJ				subject-1633	3	HLA-B7	flu	NP177
CASSPRQGAGETQYF	TRBV	TRBJ				subject-1633	3	HLA-B7	flu	NP177
CASSPRTSGLTDTQYF	TRBV	TRBJ				subject-1633	3	HLA-B7	flu	NP177
CASSPWGGEQYF	TRBV	TRBJ				subject-1633	3	HLA-B7	flu	NP177
CASSPWGGKETQYF	TRBV	TRBJ				subject-1633	3	HLA-B7	flu	NP177
CASSQAGGAGRNTGELFF	TRBV	TRBJ				subject-1633	3	HLA-B7	flu	NP177
CASSQDIVGTGKGYTF	TRBV	TRBJ				subject-1633	3	HLA-B7	flu	NP177
CASSQDPIQGTDTQYF	TRBV	TRBJ				subject-1633	3	HLA-B7	flu	NP177
CASSQDRGGVNYEQYF	TRBV	TRBJ				subject-1633	3	HLA-B7	flu	NP177
CASSQEAESSYEQYF	TRBV	TRBJ				subject-1633	3	HLA-B7	flu	NP177
CASSQEGAGPFYEQYF	TRBV	TRBJ				subject-1633	3	HLA-B7	flu	NP177
CASSQGAGQAYEQYF	TRBV	TRBJ				subject-1633	3	HLA-B7	flu	NP177
CASSQGGQHRSNEKLFF	TRBV	TRBJ				subject-1633	3	HLA-B7	flu	NP177
CASSQGLANTDTQYF	TRBV	TRBJ				subject-1633	3	HLA-B7	flu	NP177
CASSQGLGSYEQYF	TRBV	TRBJ				subject-1633	3	HLA-B7	flu	NP177
CASSQGPAGGSALHF	TRBV	TRBJ				subject-1633	3	HLA-B7	flu	NP177
CASSQSGTSTDTQYF	TRBV	TRBJ				subject-1633	3	HLA-B7	flu	NP177
CASSQSPGGIQYF	TRBV	TRBJ				subject-1633	3	HLA-B7	flu	NP177
CASSQTSGTGREQFF	TRBV	TRBJ				subject-1633	3	HLA-B7	flu	NP177
CASSQVDFRADRSSYNEQFF	TRBV	TRBJ				subject-1633	3	HLA-B7	flu	NP177
CASSQVGGDEQFF	TRBV	TRBJ				subject-1633	3	HLA-B7	flu	NP177
CASSQVLTGLDEQFF	TRBV	TRBJ				subject-1633	3	HLA-B7	flu	NP177
CASSQWAGANNEQFF	TRBV	TRBJ				subject-1633	3	HLA-B7	flu	NP177
CASSRDSTGELFF	TRBV	TRBJ				subject-1633	3	HLA-B7	flu	NP177
CASSRTTGLDGYTF	TRBV	TRBJ				subject-1633	3	HLA-B7	flu	NP177
CASSRTVYEQYF	TRBV	TRBJ				subject-1633	3	HLA-B7	flu	NP177
CASSSDPVAVTNQPQHF	TRBV	TRBJ				subject-1633	3	HLA-B7	flu	NP177
CASSSEEEAYGYTF	TRBV	TRBJ				subject-1633	3	HLA-B7	flu	NP177
CASSSERTDGASGANVLTF	TRBV	TRBJ				subject-1633	3	HLA-B7	flu	NP177
CASSSGDTYYEQYF	TRBV	TRBJ				subject-1633	3	HLA-B7	flu	NP177
CASSSGQEKLFF	TRBV	TRBJ				subject-1633	3	HLA-B7	flu	NP177
CASSSKPYEQYF	TRBV	TRBJ				subject-1633	3	HLA-B7	flu	NP177
CASSSLADQETQYF	TRBV	TRBJ				subject-1633	3	HLA-B7	flu	NP177
CASSSLSGYNEQFF	TRBV	TRBJ				subject-1633	3	HLA-B7	flu	NP177
CASSSPWGDATEAFF	TRBV	TRBJ				subject-1633	3	HLA-B7	flu	NP177
CASSSTASRNTGELFF	TRBV	TRBJ				subject-1633	3	HLA-B7	flu	NP177
CASSSVNEQFF	TRBV	TRBJ				subject-1633	3	HLA-B7	flu	NP177
CASSTLPNMNTEAFF	TRBV	TRBJ				subject-1633	3	HLA-B7	flu	NP177
CASSTTSGNTGELFF	TRBV	TRBJ				subject-1633	3	HLA-B7	flu	NP177
CASSTWTAPQETQYF	TRBV	TRBJ				subject-1633	3	HLA-B7	flu	NP177
CASSVALGVDGTDTQYF	TRBV	TRBJ				subject-1633	3	HLA-B7	flu	NP177
CASSVDGGGTEAFF	TRBV	TRBJ				subject-1633	3	HLA-B7	flu	NP177
CASSVDGSGVTYEQYF	TRBV	TRBJ				subject-1633	3	HLA-B7	flu	NP177
CASSVDRQPGNTIYF	TRBV	TRBJ				subject-1633	3	HLA-B7	flu	NP177
CASSVEQGISEAFF	TRBV	TRBJ				subject-1633	3	HLA-B7	flu	NP177
CASSVGGLGSTDTQYF	TRBV	TRBJ				subject-1633	3	HLA-B7	flu	NP177
CASSVGGSNQPQHF	TRBV	TRBJ				subject-1633	3	HLA-B7	flu	NP177
CASSVGVSYEQYF	TRBV	TRBJ				subject-1633	3	HLA-B7	flu	NP177
CASSVRDNQETQYF	TRBV	TRBJ				subject-1633	3	HLA-B7	flu	NP177
CASSVVSGTSGRGNEQFF	TRBV	TRBJ				subject-1633	3	HLA-B7	flu	NP177
CASSWETSGNTGELFF	TRBV	TRBJ				subject-1633	3	HLA-B7	flu	NP177
CASSWGRIYGYTF	TRBV	TRBJ				subject-1633	3	HLA-B7	flu	NP177
CASSWSGRAYEQYF	TRBV	TRBJ				subject-1633	3	HLA-B7	flu	NP177
CASSYATGSGANVLTF	TRBV	TRBJ				subject-1633	3	HLA-B7	flu	NP177
CASSYATGSQNIQYF	TRBV	TRBJ				subject-1633	3	HLA-B7	flu	NP177
CASSYGGGTYEQYF	TRBV	TRBJ				subject-1633	3	HLA-B7	flu	NP177
CASSYGQALLADEQFF	TRBV	TRBJ				subject-1633	3	HLA-B7	flu	NP177
CASSYLRAGDNEQFF	TRBV	TRBJ				subject-1633	3	HLA-B7	flu	NP177
CASSYPEPSIQYF	TRBV	TRBJ				subject-1633	3	HLA-B7	flu	NP177
CASSYSDSNYEQYF	TRBV	TRBJ				subject-1633	3	HLA-B7	flu	NP177
CASSYSFLVIGDNTEAFF	TRBV	TRBJ				subject-1633	3	HLA-B7	flu	NP177
CASSYSIGVVSEQYF	TRBV	TRBJ				subject-1633	3	HLA-B7	flu	NP177
CASSYSSALSNQPQHF	TRBV	TRBJ				subject-1633	3	HLA-B7	flu	NP177
CASSYSWPPETYEQYF	TRBV	TRBJ				subject-1633	3	HLA-B7	flu	NP177
CASTGGDTSYNEQFF	TRBV	TRBJ				subject-1633	3	HLA-B7	flu	NP177
CASTQAGMNTEAFF	TRBV	TRBJ				subject-1633	3	HLA-B7	flu	NP177
CATAARETQETQYF	TRBV	TRBJ				subject-1633	3	HLA-B7	flu	NP177
CATSETGDPYGYTF	TRBV	TRBJ				subject-1633	3	HLA-B7	flu	NP177
CATSPDRGGADEKLFF	TRBV	TRBJ				subject-1633	3	HLA-B7	flu	NP177
CATSRDRWNTEAFF	TRBV	TRBJ				subject-1633	3	HLA-B7	flu	NP177
CATSRGDEVGEQYF	TRBV	TRBJ				subject-1633	3	HLA-B7	flu	NP177
CATSRTSGEEQYF	TRBV	TRBJ				subject-1633	3	HLA-B7	flu	NP177
CATSRVAGEEQFF	TRBV	TRBJ				subject-1633	3	HLA-B7	flu	NP177
CATSYTGSANYGYTF	TRBV	TRBJ				subject-1633	3	HLA-B7	flu	NP177
CAWRDRVYDEKLFF	TRBV	TRBJ				subject-1633	3	HLA-B7	flu	NP177
CAWSGPAGLLQYF	TRBV	TRBJ				subject-1633	3	HLA-B7	flu	NP177
CAWSLTSGRGHEQFF	TRBV	TRBJ				subject-1633	3	HLA-B7	flu	NP177
CAWSSGAGRDEQFF	TRBV	TRBJ				subject-1633	3	HLA-B7	flu	NP177
CISVPAAGLVGGARDTQYF	TRBV	TRBJ				subject-1633	3	HLA-B7	flu	NP177
CSAPRYNEQFF	TRBV	TRBJ				subject-1633	3	HLA-B7	flu	NP177
CSARDDGTVDYGYTF	TRBV	TRBJ				subject-1633	3	HLA-B7	flu	NP177
CSARDFIGGNEQFF	TRBV	TRBJ				subject-1633	3	HLA-B7	flu	NP177
CSARDRDRGYEQYF	TRBV	TRBJ				subject-1633	3	HLA-B7	flu	NP177
CSARDVSLAGGPDEQYF	TRBV	TRBJ				subject-1633	3	HLA-B7	flu	NP177
CSARLADNEQFF	TRBV	TRBJ				subject-1633	3	HLA-B7	flu	NP177
CSARNYLKTNEQFF	TRBV	TRBJ				subject-1633	3	HLA-B7	flu	NP177
CSATSGGTLEQYF	TRBV	TRBJ				subject-1633	3	HLA-B7	flu	NP177
CSAVVVQKPSYEQYF	TRBV	TRBJ				subject-1633	3	HLA-B7	flu	NP177
CSVEDGGFPYEQYF	TRBV	TRBJ				subject-1633	3	HLA-B7	flu	NP177
CSVEDRVGGTAGYEQYF	TRBV	TRBJ				subject-1633	3	HLA-B7	flu	NP177
CSVEDTGTAQGGYEQYF	TRBV	TRBJ				subject-1633	3	HLA-B7	flu	NP177
CSVEVEGAASYEQYF	TRBV	TRBJ				subject-1633	3	HLA-B7	flu	NP177
CSVEVWDEETQYF	TRBV	TRBJ				subject-1633	3	HLA-B7	flu	NP177
CSVPGAGRYNEQFF	TRBV	TRBJ				subject-1633	3	HLA-B7	flu	NP177
CSVSGLAGGYEQYF	TRBV	TRBJ				subject-1633	3	HLA-B7	flu	NP177
CACTLVSTEAFF	TRBV	TRBJ				subject-1637	3	HLA-A2	flu	M1
CALERANEQFF	TRBV	TRBJ				subject-1637	3	HLA-A2	flu	M1
CAPRRGPTNEKLFF	TRBV	TRBJ				subject-1637	3	HLA-A2	flu	M1
CARSPNGGSSYNEQFF	TRBV	TRBJ				subject-1637	3	HLA-A2	flu	M1
CASATGADTEAFF	TRBV	TRBJ				subject-1637	3	HLA-A2	flu	M1
CASGGTGPWNEQFF	TRBV	TRBJ				subject-1637	3	HLA-A2	flu	M1
CASGGTRPWDEQFF	TRBV	TRBJ				subject-1637	3	HLA-A2	flu	M1
CASGLGPTYEQYF	TRBV	TRBJ				subject-1637	3	HLA-A2	flu	M1
CASGPGSSYNEQFF	TRBV	TRBJ				subject-1637	3	HLA-A2	flu	M1
CASKHASGELFF	TRBV	TRBJ				subject-1637	3	HLA-A2	flu	M1
CASMTGTEAFF	TRBV	TRBJ				subject-1637	3	HLA-A2	flu	M1
CASNPGRGNQPQHF	TRBV	TRBJ				subject-1637	3	HLA-A2	flu	M1
CASNSSGTGAYEQYF	TRBV	TRBJ				subject-1637	3	HLA-A2	flu	M1
CASPRQSPLHF	TRBV	TRBJ				subject-1637	3	HLA-A2	flu	M1
CASRGDYGYTF	TRBV	TRBJ				subject-1637	3	HLA-A2	flu	M1
CASRLGQGRRDEQFF	TRBV	TRBJ				subject-1637	3	HLA-A2	flu	M1
CASRLKDSDSQPQHF	TRBV	TRBJ				subject-1637	3	HLA-A2	flu	M1
CASRLVQGRAFYEQYF	TRBV	TRBJ				subject-1637	3	HLA-A2	flu	M1
CASRRGQGLSNQPQHF	TRBV	TRBJ				subject-1637	3	HLA-A2	flu	M1
CASRRQIAGQPQHF	TRBV	TRBJ				subject-1637	3	HLA-A2	flu	M1
CASRRRVDNEQFF	TRBV	TRBJ				subject-1637	3	HLA-A2	flu	M1
CASRSSGAFNEQFF	TRBV	TRBJ				subject-1637	3	HLA-A2	flu	M1
CASRTDRGNTGELFF	TRBV	TRBJ				subject-1637	3	HLA-A2	flu	M1
CASRTGRTEAFF	TRBV	TRBJ				subject-1637	3	HLA-A2	flu	M1
CASRVVGHPQHF	TRBV	TRBJ				subject-1637	3	HLA-A2	flu	M1
CASRWGQGPSYEQYF	TRBV	TRBJ				subject-1637	3	HLA-A2	flu	M1
CASSAANTGELFF	TRBV	TRBJ				subject-1637	3	HLA-A2	flu	M1
CASSAGDRTYEQYF	TRBV	TRBJ				subject-1637	3	HLA-A2	flu	M1
CASSALQGPSQPQHF	TRBV	TRBJ				subject-1637	3	HLA-A2	flu	M1
CASSASGGAGNEQFF	TRBV	TRBJ				subject-1637	3	HLA-A2	flu	M1
CASSDPTGRLGTEAFF	TRBV	TRBJ				subject-1637	3	HLA-A2	flu	M1
CASSDRTSGINEQFF	TRBV	TRBJ				subject-1637	3	HLA-A2	flu	M1
CASSDWTGSLGNNEQFF	TRBV	TRBJ				subject-1637	3	HLA-A2	flu	M1
CASSEGGTGGFNSHEQYF	TRBV	TRBJ				subject-1637	3	HLA-A2	flu	M1
CASSEGQGPSYEQYF	TRBV	TRBJ				subject-1637	3	HLA-A2	flu	M1
CASSELGGYNEELFF	TRBV	TRBJ				subject-1637	3	HLA-A2	flu	M1
CASSEMGKSSYEQYF	TRBV	TRBJ				subject-1637	3	HLA-A2	flu	M1
CASSEPGNRMNTEAFF	TRBV	TRBJ				subject-1637	3	HLA-A2	flu	M1
CASSEPGPGRDGYTF	TRBV	TRBJ				subject-1637	3	HLA-A2	flu	M1
CASSEWAGGGTDTQYF	TRBV	TRBJ				subject-1637	3	HLA-A2	flu	M1
CASSEWDSEPQHF	TRBV	TRBJ				subject-1637	3	HLA-A2	flu	M1
CASSFDRGGNYGYTF	TRBV	TRBJ				subject-1637	3	HLA-A2	flu	M1
CASSFLNLNNEQFF	TRBV	TRBJ				subject-1637	3	HLA-A2	flu	M1
CASSFLSADTQYF	TRBV	TRBJ				subject-1637	3	HLA-A2	flu	M1
CASSFPRTATDLYF	TRBV	TRBJ				subject-1637	3	HLA-A2	flu	M1
CASSFRGSYTF	TRBV	TRBJ				subject-1637	3	HLA-A2	flu	M1
CASSFSGLSNTEAFF	TRBV	TRBJ				subject-1637	3	HLA-A2	flu	M1
CASSFSGQNTEAFF	TRBV	TRBJ				subject-1637	3	HLA-A2	flu	M1
CASSFSGQNTEAFY	TRBV	TRBJ				subject-1637	3	HLA-A2	flu	M1
CASSFSGTANTEAFF	TRBV	TRBJ				subject-1637	3	HLA-A2	flu	M1
CASSFSSSYNEQFF	TRBV	TRBJ				subject-1637	3	HLA-A2	flu	M1
CASSFTGTSGSPYEQYF	TRBV	TRBJ				subject-1637	3	HLA-A2	flu	M1
CASSGEGVGQPQHF	TRBV	TRBJ				subject-1637	3	HLA-A2	flu	M1
CASSGRTSGRPDTQYF	TRBV	TRBJ				subject-1637	3	HLA-A2	flu	M1
CASSHGQGGQETQYF	TRBV	TRBJ				subject-1637	3	HLA-A2	flu	M1
CASSHLFLPISDGGLLRANVLTF	TRBV	TRBJ				subject-1637	3	HLA-A2	flu	M1
CASSHPGHIGQPQHF	TRBV	TRBJ				subject-1637	3	HLA-A2	flu	M1
CASSHPNPGLATGELFF	TRBV	TRBJ				subject-1637	3	HLA-A2	flu	M1
CASSHSSGGMSTEAFF	TRBV	TRBJ				subject-1637	3	HLA-A2	flu	M1
CASSHTDYSNQPQHF	TRBV	TRBJ				subject-1637	3	HLA-A2	flu	M1
CASSKIAGGPYTQYF	TRBV	TRBJ				subject-1637	3	HLA-A2	flu	M1
CASSKSSYEQYF	TRBV	TRBJ				subject-1637	3	HLA-A2	flu	M1
CASSLAASNQPQHF	TRBV	TRBJ				subject-1637	3	HLA-A2	flu	M1
CASSLAESVYEQFF	TRBV	TRBJ				subject-1637	3	HLA-A2	flu	M1
CASSLAESVYEQYF	TRBV	TRBJ				subject-1637	3	HLA-A2	flu	M1
CASSLAEVHNEQFF	TRBV	TRBJ				subject-1637	3	HLA-A2	flu	M1
CASSLAGNYGYTF	TRBV	TRBJ				subject-1637	3	HLA-A2	flu	M1
CASSLAGSSDEQFF	TRBV	TRBJ				subject-1637	3	HLA-A2	flu	M1
CASSLARDGYTF	TRBV	TRBJ				subject-1637	3	HLA-A2	flu	M1
CASSLAVTDGAEAFF	TRBV	TRBJ				subject-1637	3	HLA-A2	flu	M1
CASSLAYEQFF	TRBV	TRBJ				subject-1637	3	HLA-A2	flu	M1
CASSLDGATYNEQFF	TRBV	TRBJ				subject-1637	3	HLA-A2	flu	M1
CASSLDGRPHLEQYF	TRBV	TRBJ				subject-1637	3	HLA-A2	flu	M1
CASSLDKPGYTEAFF	TRBV	TRBJ				subject-1637	3	HLA-A2	flu	M1
CASSLDPVYRSTEAFF	TRBV	TRBJ				subject-1637	3	HLA-A2	flu	M1
CASSLDRDYGYTF	TRBV	TRBJ				subject-1637	3	HLA-A2	flu	M1
CASSLEGAGGADTQYF	TRBV	TRBJ				subject-1637	3	HLA-A2	flu	M1
CASSLETSDGETQYF	TRBV	TRBJ				subject-1637	3	HLA-A2	flu	M1
CASSLFAGGPVEQYF	TRBV	TRBJ				subject-1637	3	HLA-A2	flu	M1
CASSLGAGAYEQFF	TRBV	TRBJ				subject-1637	3	HLA-A2	flu	M1
CASSLGAYSGANVLTF	TRBV	TRBJ				subject-1637	3	HLA-A2	flu	M1
CASSLGGGAGEQETQYF	TRBV	TRBJ				subject-1637	3	HLA-A2	flu	M1
CASSLGGQAAGYGYTF	TRBV	TRBJ				subject-1637	3	HLA-A2	flu	M1
CASSLGPNRGAEQYF	TRBV	TRBJ				subject-1637	3	HLA-A2	flu	M1
CASSLGQGRRDEQFF	TRBV	TRBJ				subject-1637	3	HLA-A2	flu	M1
CASSLGQSANYGYTF	TRBV	TRBJ				subject-1637	3	HLA-A2	flu	M1
CASSLGSMQETQYF	TRBV	TRBJ				subject-1637	3	HLA-A2	flu	M1
CASSLGTGLYGYTF	TRBV	TRBJ				subject-1637	3	HLA-A2	flu	M1
CASSLGVGPGYEQYF	TRBV	TRBJ				subject-1637	3	HLA-A2	flu	M1
CASSLGVGTEAFF	TRBV	TRBJ				subject-1637	3	HLA-A2	flu	M1
CASSLHYTGENTEAFF	TRBV	TRBJ				subject-1637	3	HLA-A2	flu	M1
CASSLIAGGNNEQFF	TRBV	TRBJ				subject-1637	3	HLA-A2	flu	M1
CASSLIRQMNTEAFF	TRBV	TRBJ				subject-1637	3	HLA-A2	flu	M1
CASSLLASGFGTDTQYF	TRBV	TRBJ				subject-1637	3	HLA-A2	flu	M1
CASSLLGFSTETQYF	TRBV	TRBJ				subject-1637	3	HLA-A2	flu	M1
CASSLLPGRNTEAFF	TRBV	TRBJ				subject-1637	3	HLA-A2	flu	M1
CASSLLQGPSYEQFF	TRBV	TRBJ				subject-1637	3	HLA-A2	flu	M1
CASSLLQGPSYEQYF	TRBV	TRBJ				subject-1637	3	HLA-A2	flu	M1
CASSLNGGSSYNEQFF	TRBV	TRBJ				subject-1637	3	HLA-A2	flu	M1
CASSLNRGPADTQYF	TRBV	TRBJ				subject-1637	3	HLA-A2	flu	M1
CASSLNRGPSDTQYF	TRBV	TRBJ				subject-1637	3	HLA-A2	flu	M1
CASSLPGRNYEQYF	TRBV	TRBJ				subject-1637	3	HLA-A2	flu	M1
CASSLPTSGEETQYF	TRBV	TRBJ				subject-1637	3	HLA-A2	flu	M1
CASSLQGNYGYTF	TRBV	TRBJ				subject-1637	3	HLA-A2	flu	M1
CASSLQSVDANGYTF	TRBV	TRBJ				subject-1637	3	HLA-A2	flu	M1
CASSLRGVVSYEQFF	TRBV	TRBJ				subject-1637	3	HLA-A2	flu	M1
CASSLRSGTEDTDTQYF	TRBV	TRBJ				subject-1637	3	HLA-A2	flu	M1
CASSLRTGTNSYEQYF	TRBV	TRBJ				subject-1637	3	HLA-A2	flu	M1
CASSLSDTQYF	TRBV	TRBJ				subject-1637	3	HLA-A2	flu	M1
CASSLSGSSYEQYF	TRBV	TRBJ				subject-1637	3	HLA-A2	flu	M1
CASSLSSYNEQFF	TRBV	TRBJ				subject-1637	3	HLA-A2	flu	M1
CASSLTGGGHNSPLHF	TRBV	TRBJ				subject-1637	3	HLA-A2	flu	M1
CASSLTSGNEQFF	TRBV	TRBJ				subject-1637	3	HLA-A2	flu	M1
CASSLVAGATDTQYF	TRBV	TRBJ				subject-1637	3	HLA-A2	flu	M1
CASSLVPDRGVAGELFF	TRBV	TRBJ				subject-1637	3	HLA-A2	flu	M1
CASSLVQDGLATNEKLFF	TRBV	TRBJ				subject-1637	3	HLA-A2	flu	M1
CASSLVQGAGSTISNQPQHF	TRBV	TRBJ				subject-1637	3	HLA-A2	flu	M1
CASSLVSGMLYF	TRBV	TRBJ				subject-1637	3	HLA-A2	flu	M1
CASSLVVLAYGTDTQYF	TRBV	TRBJ				subject-1637	3	HLA-A2	flu	M1
CASSLYRGEKLFF	TRBV	TRBJ				subject-1637	3	HLA-A2	flu	M1
CASSNDNQPQHF	TRBV	TRBJ				subject-1637	3	HLA-A2	flu	M1
CASSPAELRGNTIYF	TRBV	TRBJ				subject-1637	3	HLA-A2	flu	M1
CASSPATGPREQYF	TRBV	TRBJ				subject-1637	3	HLA-A2	flu	M1
CASSPDRAITEAFF	TRBV	TRBJ				subject-1637	3	HLA-A2	flu	M1
CASSPDSDAYEQYF	TRBV	TRBJ				subject-1637	3	HLA-A2	flu	M1
CASSPDSDSYEQYF	TRBV	TRBJ				subject-1637	3	HLA-A2	flu	M1
CASSPDSYNQPQHF	TRBV	TRBJ				subject-1637	3	HLA-A2	flu	M1
CASSPEGVSYEQYF	TRBV	TRBJ				subject-1637	3	HLA-A2	flu	M1
CASSPGAVSSTDTQYF	TRBV	TRBJ				subject-1637	3	HLA-A2	flu	M1
CASSPGGAAGYTF	TRBV	TRBJ				subject-1637	3	HLA-A2	flu	M1
CASSPGLAGNNEQYF	TRBV	TRBJ				subject-1637	3	HLA-A2	flu	M1
CASSPGRDYEQYF	TRBV	TRBJ				subject-1637	3	HLA-A2	flu	M1
CASSPGTADYNEQFF	TRBV	TRBJ				subject-1637	3	HLA-A2	flu	M1
CASSPGTDIYEQYF	TRBV	TRBJ				subject-1637	3	HLA-A2	flu	M1
CASSPGTGPRTLHF	TRBV	TRBJ				subject-1637	3	HLA-A2	flu	M1
CASSPGVSVEQYF	TRBV	TRBJ				subject-1637	3	HLA-A2	flu	M1
CASSPKAGAAEAFF	TRBV	TRBJ				subject-1637	3	HLA-A2	flu	M1
CASSPKDTQYF	TRBV	TRBJ				subject-1637	3	HLA-A2	flu	M1
CASSPLLSESYNEQFF	TRBV	TRBJ				subject-1637	3	HLA-A2	flu	M1
CASSPNGGSSYNEQFF	TRBV	TRBJ				subject-1637	3	HLA-A2	flu	M1
CASSPNRGPSDTQYF	TRBV	TRBJ				subject-1637	3	HLA-A2	flu	M1
CASSPPGENYNEQFF	TRBV	TRBJ				subject-1637	3	HLA-A2	flu	M1
CASSPPSAGYNEQFF	TRBV	TRBJ				subject-1637	3	HLA-A2	flu	M1
CASSPPTLGQNYEQYF	TRBV	TRBJ				subject-1637	3	HLA-A2	flu	M1
CASSPPVPPWSEQYF	TRBV	TRBJ				subject-1637	3	HLA-A2	flu	M1
CASSPQRTAHEQYF	TRBV	TRBJ				subject-1637	3	HLA-A2	flu	M1
CASSPREFYNSPLHF	TRBV	TRBJ				subject-1637	3	HLA-A2	flu	M1
CASSPRGMSYEQYF	TRBV	TRBJ				subject-1637	3	HLA-A2	flu	M1
CASSPRQGPVEKLFF	TRBV	TRBJ				subject-1637	3	HLA-A2	flu	M1
CASSPRTSGPYNEQFF	TRBV	TRBJ				subject-1637	3	HLA-A2	flu	M1
CASSPRTSGSLSYEQYF	TRBV	TRBJ				subject-1637	3	HLA-A2	flu	M1
CASSPTGGNTEAFF	TRBV	TRBJ				subject-1637	3	HLA-A2	flu	M1
CASSPTGVYNSPLHF	TRBV	TRBJ				subject-1637	3	HLA-A2	flu	M1
CASSPVAGATTDTQYF	TRBV	TRBJ				subject-1637	3	HLA-A2	flu	M1
CASSPVLGSTEAFF	TRBV	TRBJ				subject-1637	3	HLA-A2	flu	M1
CASSPWGQTASSYNEQFF	TRBV	TRBJ				subject-1637	3	HLA-A2	flu	M1
CASSPWGQTASSYNEQYF	TRBV	TRBJ				subject-1637	3	HLA-A2	flu	M1
CASSQAGGRDEAFF	TRBV	TRBJ				subject-1637	3	HLA-A2	flu	M1
CASSQDDLEGSEAFF	TRBV	TRBJ				subject-1637	3	HLA-A2	flu	M1
CASSQDGFAYEQYF	TRBV	TRBJ				subject-1637	3	HLA-A2	flu	M1
CASSQDGGGAPGNEQFF	TRBV	TRBJ				subject-1637	3	HLA-A2	flu	M1
CASSQDGKGATYNSPLHF	TRBV	TRBJ				subject-1637	3	HLA-A2	flu	M1
CASSQDGLAPYEQYF	TRBV	TRBJ				subject-1637	3	HLA-A2	flu	M1
CASSQDKGGSNQPQHF	TRBV	TRBJ				subject-1637	3	HLA-A2	flu	M1
CASSQDLGAGTEAFF	TRBV	TRBJ				subject-1637	3	HLA-A2	flu	M1
CASSQDLPGLYF	TRBV	TRBJ				subject-1637	3	HLA-A2	flu	M1
CASSQDPAGVGYEQYF	TRBV	TRBJ				subject-1637	3	HLA-A2	flu	M1
CASSQDPHGFVANVLTF	TRBV	TRBJ				subject-1637	3	HLA-A2	flu	M1
CASSQDRGTGYNEQFF	TRBV	TRBJ				subject-1637	3	HLA-A2	flu	M1
CASSQDRLAGGLETQYF	TRBV	TRBJ				subject-1637	3	HLA-A2	flu	M1
CASSQDSSGGPYNEQFF	TRBV	TRBJ				subject-1637	3	HLA-A2	flu	M1
CASSQDTGMGNQPQHF	TRBV	TRBJ				subject-1637	3	HLA-A2	flu	M1
CASSQDTSGSSYNEQFF	TRBV	TRBJ				subject-1637	3	HLA-A2	flu	M1
CASSQEDRGPYGYTF	TRBV	TRBJ				subject-1637	3	HLA-A2	flu	M1
CASSQEMVGTEAFF	TRBV	TRBJ				subject-1637	3	HLA-A2	flu	M1
CASSQERQTILEAFF	TRBV	TRBJ				subject-1637	3	HLA-A2	flu	M1
CASSQESGTATEAFF	TRBV	TRBJ				subject-1637	3	HLA-A2	flu	M1
CASSQEVLRTDTQYF	TRBV	TRBJ				subject-1637	3	HLA-A2	flu	M1
CASSQEVQGGEKLFF	TRBV	TRBJ				subject-1637	3	HLA-A2	flu	M1
CASSQEWAQGYEQYF	TRBV	TRBJ				subject-1637	3	HLA-A2	flu	M1
CASSQGEGTEAFF	TRBV	TRBJ				subject-1637	3	HLA-A2	flu	M1
CASSQGGQGYEQYF	TRBV	TRBJ				subject-1637	3	HLA-A2	flu	M1
CASSQGGSGEDTEAFF	TRBV	TRBJ				subject-1637	3	HLA-A2	flu	M1
CASSQGLAGDLQETQYF	TRBV	TRBJ				subject-1637	3	HLA-A2	flu	M1
CASSQGNEQFF	TRBV	TRBJ				subject-1637	3	HLA-A2	flu	M1
CASSQGPGARQPQHF	TRBV	TRBJ				subject-1637	3	HLA-A2	flu	M1
CASSQGPGLLSYEQYF	TRBV	TRBJ				subject-1637	3	HLA-A2	flu	M1
CASSQGPGLLSYGQYF	TRBV	TRBJ				subject-1637	3	HLA-A2	flu	M1
CASSQGQGYYEQYF	TRBV	TRBJ				subject-1637	3	HLA-A2	flu	M1
CASSQGRGPGKYF	TRBV	TRBJ				subject-1637	3	HLA-A2	flu	M1
CASSQGRQETQYF	TRBV	TRBJ				subject-1637	3	HLA-A2	flu	M1
CASSQGSGLAGYEQYF	TRBV	TRBJ				subject-1637	3	HLA-A2	flu	M1
CASSQHYTGENTEAFF	TRBV	TRBJ				subject-1637	3	HLA-A2	flu	M1
CASSQPKGPNEKLFF	TRBV	TRBJ				subject-1637	3	HLA-A2	flu	M1
CASSQRSLSGANVLTF	TRBV	TRBJ				subject-1637	3	HLA-A2	flu	M1
CASSQRTGGADGYTF	TRBV	TRBJ				subject-1637	3	HLA-A2	flu	M1
CASSQSTGSSYEQYF	TRBV	TRBJ				subject-1637	3	HLA-A2	flu	M1
CASSQSTSGSYEQYF	TRBV	TRBJ				subject-1637	3	HLA-A2	flu	M1
CASSQTGSTDTQYF	TRBV	TRBJ				subject-1637	3	HLA-A2	flu	M1
CASSQTTGDFGYTF	TRBV	TRBJ				subject-1637	3	HLA-A2	flu	M1
CASSQVSGDEAFF	TRBV	TRBJ				subject-1637	3	HLA-A2	flu	M1
CASSQWDLQETQYF	TRBV	TRBJ				subject-1637	3	HLA-A2	flu	M1
CASSQWVITANEKLFF	TRBV	TRBJ				subject-1637	3	HLA-A2	flu	M1
CASSRDPDGDTEAFF	TRBV	TRBJ				subject-1637	3	HLA-A2	flu	M1
CASSREPNPNYGYTF	TRBV	TRBJ				subject-1637	3	HLA-A2	flu	M1
CASSRHPGGDDYNEQFF	TRBV	TRBJ				subject-1637	3	HLA-A2	flu	M1
CASSRQTEAFF	TRBV	TRBJ				subject-1637	3	HLA-A2	flu	M1
CASSRTGTYEQYF	TRBV	TRBJ				subject-1637	3	HLA-A2	flu	M1
CASSRTSDTQYF	TRBV	TRBJ				subject-1637	3	HLA-A2	flu	M1
CASSSAASNQPQHF	TRBV	TRBJ				subject-1637	3	HLA-A2	flu	M1
CASSSAGGRDEQFF	TRBV	TRBJ				subject-1637	3	HLA-A2	flu	M1
CASSSAWDYYNEQFF	TRBV	TRBJ				subject-1637	3	HLA-A2	flu	M1
CASSSGFVGPYQPQHF	TRBV	TRBJ				subject-1637	3	HLA-A2	flu	M1
CASSSGSFYEQYF	TRBV	TRBJ				subject-1637	3	HLA-A2	flu	M1
CASSSGSSYNEQFF	TRBV	TRBJ				subject-1637	3	HLA-A2	flu	M1
CASSSGTGNSGELFF	TRBV	TRBJ				subject-1637	3	HLA-A2	flu	M1
CASSSKLADQETQYF	TRBV	TRBJ				subject-1637	3	HLA-A2	flu	M1
CASSSKRGPYNEQFF	TRBV	TRBJ				subject-1637	3	HLA-A2	flu	M1
CASSSLSADTQYF	TRBV	TRBJ				subject-1637	3	HLA-A2	flu	M1
CASSSLSGLYEQYF	TRBV	TRBJ				subject-1637	3	HLA-A2	flu	M1
CASSSPGENYNEQFF	TRBV	TRBJ				subject-1637	3	HLA-A2	flu	M1
CASSSPLIAGATDTQYF	TRBV	TRBJ				subject-1637	3	HLA-A2	flu	M1
CASSSPLIAGATTDTQYF	TRBV	TRBJ				subject-1637	3	HLA-A2	flu	M1
CASSSPLIAGTIDTQYF	TRBV	TRBJ				subject-1637	3	HLA-A2	flu	M1
CASSSQTGQMSF	TRBV	TRBJ				subject-1637	3	HLA-A2	flu	M1
CASSSRIGTYGYTF	TRBV	TRBJ				subject-1637	3	HLA-A2	flu	M1
CASSSRQGPTGELFF	TRBV	TRBJ				subject-1637	3	HLA-A2	flu	M1
CASSSRTGGEQYF	TRBV	TRBJ				subject-1637	3	HLA-A2	flu	M1
CASSSSGTGAYEQYF	TRBV	TRBJ				subject-1637	3	HLA-A2	flu	M1
CASSSSNQPQHF	TRBV	TRBJ				subject-1637	3	HLA-A2	flu	M1
CASSSSSVNEQFF	TRBV	TRBJ				subject-1637	3	HLA-A2	flu	M1
CASSSTGGALDTQYF	TRBV	TRBJ				subject-1637	3	HLA-A2	flu	M1
CASSSTGTGITGELFF	TRBV	TRBJ				subject-1637	3	HLA-A2	flu	M1
CASSSVSGGAFNEQFF	TRBV	TRBJ				subject-1637	3	HLA-A2	flu	M1
CASSSVSGGAFNEQYF	TRBV	TRBJ				subject-1637	3	HLA-A2	flu	M1
CASSTRDRREKTQYF	TRBV	TRBJ				subject-1637	3	HLA-A2	flu	M1
CASSTRTGTGNTGELFF	TRBV	TRBJ				subject-1637	3	HLA-A2	flu	M1
CASSVADRGFADTQYF	TRBV	TRBJ				subject-1637	3	HLA-A2	flu	M1
CASSVAGLAGGNPNEQFF	TRBV	TRBJ				subject-1637	3	HLA-A2	flu	M1
CASSVDVSNEQFF	TRBV	TRBJ				subject-1637	3	HLA-A2	flu	M1
CASSVGLGLYEQYF	TRBV	TRBJ				subject-1637	3	HLA-A2	flu	M1
CASSVGSGTEAFF	TRBV	TRBJ				subject-1637	3	HLA-A2	flu	M1
CASSVLGVADTQYF	TRBV	TRBJ				subject-1637	3	HLA-A2	flu	M1
CASSVTSGNDEQFF	TRBV	TRBJ				subject-1637	3	HLA-A2	flu	M1
CASSWDKTYEQYF	TRBV	TRBJ				subject-1637	3	HLA-A2	flu	M1
CASSWGLAGEEQFF	TRBV	TRBJ				subject-1637	3	HLA-A2	flu	M1
CASSWGLDNEQFF	TRBV	TRBJ				subject-1637	3	HLA-A2	flu	M1
CASSWGLTYEQYF	TRBV	TRBJ				subject-1637	3	HLA-A2	flu	M1
CASSYESGAEAFF	TRBV	TRBJ				subject-1637	3	HLA-A2	flu	M1
CASSYGGYEQYF	TRBV	TRBJ				subject-1637	3	HLA-A2	flu	M1
CASSYGQNYEQYF	TRBV	TRBJ				subject-1637	3	HLA-A2	flu	M1
CASSYGTGGREQYF	TRBV	TRBJ				subject-1637	3	HLA-A2	flu	M1
CASSYGVGTEAFF	TRBV	TRBJ				subject-1637	3	HLA-A2	flu	M1
CASSYGYPAYEQYF	TRBV	TRBJ				subject-1637	3	HLA-A2	flu	M1
CASSYLAGSGNEQYF	TRBV	TRBJ				subject-1637	3	HLA-A2	flu	M1
CASSYLTGMNQPQHF	TRBV	TRBJ				subject-1637	3	HLA-A2	flu	M1
CASSYLTSGIYGEQFF	TRBV	TRBJ				subject-1637	3	HLA-A2	flu	M1
CASSYPQGHYKAFF	TRBV	TRBJ				subject-1637	3	HLA-A2	flu	M1
CASSYPTGGDQPQHF	TRBV	TRBJ				subject-1637	3	HLA-A2	flu	M1
CASSYRGGAGELFF	TRBV	TRBJ				subject-1637	3	HLA-A2	flu	M1
CASSYRGHLRDYGYTF	TRBV	TRBJ				subject-1637	3	HLA-A2	flu	M1
CASSYRGSVYNSPLHF	TRBV	TRBJ				subject-1637	3	HLA-A2	flu	M1
CASSYRRPSGILYEQYF	TRBV	TRBJ				subject-1637	3	HLA-A2	flu	M1
CASSYRVGPLHF	TRBV	TRBJ				subject-1637	3	HLA-A2	flu	M1
CASSYRVTEAFF	TRBV	TRBJ				subject-1637	3	HLA-A2	flu	M1
CASSYSEVTEAFF	TRBV	TRBJ				subject-1637	3	HLA-A2	flu	M1
CASSYSGDYNEQFF	TRBV	TRBJ				subject-1637	3	HLA-A2	flu	M1
CASSYSGGLDTEAFF	TRBV	TRBJ				subject-1637	3	HLA-A2	flu	M1
CASSYSLAAAYNEQFF	TRBV	TRBJ				subject-1637	3	HLA-A2	flu	M1
CASSYSLAGTSYEQYF	TRBV	TRBJ				subject-1637	3	HLA-A2	flu	M1
CASSYSMEAGGETQYF	TRBV	TRBJ				subject-1637	3	HLA-A2	flu	M1
CASSYSSSYNEQFF	TRBV	TRBJ				subject-1637	3	HLA-A2	flu	M1
CASSYVASGSSNYGYTF	TRBV	TRBJ				subject-1637	3	HLA-A2	flu	M1
CASTEMGREGYNEQFF	TRBV	TRBJ				subject-1637	3	HLA-A2	flu	M1
CASTEQGGFAEAFF	TRBV	TRBJ				subject-1637	3	HLA-A2	flu	M1
CASTGTANLNTEAFF	TRBV	TRBJ				subject-1637	3	HLA-A2	flu	M1
CASTGTGLNEQFF	TRBV	TRBJ				subject-1637	3	HLA-A2	flu	M1
CASTLGGGYEQYF	TRBV	TRBJ				subject-1637	3	HLA-A2	flu	M1
CASTPAGGRDEQYF	TRBV	TRBJ				subject-1637	3	HLA-A2	flu	M1
CASTPDSEIYEQYF	TRBV	TRBJ				subject-1637	3	HLA-A2	flu	M1
CASTPPGGRGYTF	TRBV	TRBJ				subject-1637	3	HLA-A2	flu	M1
CASTPSWAGGPTDTQYF	TRBV	TRBJ				subject-1637	3	HLA-A2	flu	M1
CASTQGKAKGYEQYF	TRBV	TRBJ				subject-1637	3	HLA-A2	flu	M1
CASTSWGETQCF	TRBV	TRBJ				subject-1637	3	HLA-A2	flu	M1
CASTSWGETQYF	TRBV	TRBJ				subject-1637	3	HLA-A2	flu	M1
CATDPGEGNTIYF	TRBV	TRBJ				subject-1637	3	HLA-A2	flu	M1
CATIPARSGTEAFF	TRBV	TRBJ				subject-1637	3	HLA-A2	flu	M1
CATSISGTSGSDEQFF	TRBV	TRBJ				subject-1637	3	HLA-A2	flu	M1
CATSLRTSGIIEQYF	TRBV	TRBJ				subject-1637	3	HLA-A2	flu	M1
CATSRDRLAGGIHEQYF	TRBV	TRBJ				subject-1637	3	HLA-A2	flu	M1
CATSRDRYEQYF	TRBV	TRBJ				subject-1637	3	HLA-A2	flu	M1
CATSRVPSSYNEQFF	TRBV	TRBJ				subject-1637	3	HLA-A2	flu	M1
CATSSGSRQGNNEQFF	TRBV	TRBJ				subject-1637	3	HLA-A2	flu	M1
CATSTYRVGSSDEQYF	TRBV	TRBJ				subject-1637	3	HLA-A2	flu	M1
CAWDYNRGGYTF	TRBV	TRBJ				subject-1637	3	HLA-A2	flu	M1
CAWIGLGGETQYF	TRBV	TRBJ				subject-1637	3	HLA-A2	flu	M1
CAWITEMNTEAFF	TRBV	TRBJ				subject-1637	3	HLA-A2	flu	M1
CAWMGAGQRNTIYF	TRBV	TRBJ				subject-1637	3	HLA-A2	flu	M1
CAWRGAQGYTF	TRBV	TRBJ				subject-1637	3	HLA-A2	flu	M1
CAWRGGQGQIYEQYF	TRBV	TRBJ				subject-1637	3	HLA-A2	flu	M1
CAWSAVGGGYGYTF	TRBV	TRBJ				subject-1637	3	HLA-A2	flu	M1
CAWSAVGGGYTF	TRBV	TRBJ				subject-1637	3	HLA-A2	flu	M1
CAWSDIWENYNSPLHF	TRBV	TRBJ				subject-1637	3	HLA-A2	flu	M1
CAWSEIGGGYGYTF	TRBV	TRBJ				subject-1637	3	HLA-A2	flu	M1
CAWSGGTSRGAQYF	TRBV	TRBJ				subject-1637	3	HLA-A2	flu	M1
CAWSGGTSRRTQYF	TRBV	TRBJ				subject-1637	3	HLA-A2	flu	M1
CAWSGQGYEQFF	TRBV	TRBJ				subject-1637	3	HLA-A2	flu	M1
CAWSGQGYEQYF	TRBV	TRBJ				subject-1637	3	HLA-A2	flu	M1
CAWSGVSYEQYF	TRBV	TRBJ				subject-1637	3	HLA-A2	flu	M1
CAWSLSMNTEAFF	TRBV	TRBJ				subject-1637	3	HLA-A2	flu	M1
CAWSNGGRAEAFF	TRBV	TRBJ				subject-1637	3	HLA-A2	flu	M1
CAWSPGQGGETQYF	TRBV	TRBJ				subject-1637	3	HLA-A2	flu	M1
CAWSPGQGGQETQYF	TRBV	TRBJ				subject-1637	3	HLA-A2	flu	M1
CAWSPGTGAYGYTF	TRBV	TRBJ				subject-1637	3	HLA-A2	flu	M1
CAWSPGTVSEQYF	TRBV	TRBJ				subject-1637	3	HLA-A2	flu	M1
CAWSQGASGNQPQHF	TRBV	TRBJ				subject-1637	3	HLA-A2	flu	M1
CAWSRTGATEAFF	TRBV	TRBJ				subject-1637	3	HLA-A2	flu	M1
CAWSRVGGYEQFF	TRBV	TRBJ				subject-1637	3	HLA-A2	flu	M1
CAWSRVGGYEQYF	TRBV	TRBJ				subject-1637	3	HLA-A2	flu	M1
CAWSSADTYYEQYF	TRBV	TRBJ				subject-1637	3	HLA-A2	flu	M1
CAWSSGLGNEKLFF	TRBV	TRBJ				subject-1637	3	HLA-A2	flu	M1
CAWSVAGDTDTQYF	TRBV	TRBJ				subject-1637	3	HLA-A2	flu	M1
CAWSVAGSTDTQYF	TRBV	TRBJ				subject-1637	3	HLA-A2	flu	M1
CAWSVFNRGTGYTF	TRBV	TRBJ				subject-1637	3	HLA-A2	flu	M1
CAWSVGGGGYGYTF	TRBV	TRBJ				subject-1637	3	HLA-A2	flu	M1
CAWSVGGGGYTF	TRBV	TRBJ				subject-1637	3	HLA-A2	flu	M1
CAWSVGGGYGYTF	TRBV	TRBJ				subject-1637	3	HLA-A2	flu	M1
CAWSVLGSTDTQYF	TRBV	TRBJ				subject-1637	3	HLA-A2	flu	M1
CAWSVLTDSPLHF	TRBV	TRBJ				subject-1637	3	HLA-A2	flu	M1
CAWSVPGTYSYEQYF	TRBV	TRBJ				subject-1637	3	HLA-A2	flu	M1
CAWSVSSYEQYF	TRBV	TRBJ				subject-1637	3	HLA-A2	flu	M1
CAWTPGAPGPTDTQYF	TRBV	TRBJ				subject-1637	3	HLA-A2	flu	M1
CAYSGTAPHEQYF	TRBV	TRBJ				subject-1637	3	HLA-A2	flu	M1
CSAEGGGSYEQYF	TRBV	TRBJ				subject-1637	3	HLA-A2	flu	M1
CSAFDRVYGYTF	TRBV	TRBJ				subject-1637	3	HLA-A2	flu	M1
CSAGEDWHEQYF	TRBV	TRBJ				subject-1637	3	HLA-A2	flu	M1
CSAIPGTGGRIKAFF	TRBV	TRBJ				subject-1637	3	HLA-A2	flu	M1
CSALHGSVGLNQPQHF	TRBV	TRBJ				subject-1637	3	HLA-A2	flu	M1
CSALSDEQYF	TRBV	TRBJ				subject-1637	3	HLA-A2	flu	M1
CSAPGGVNAFF	TRBV	TRBJ				subject-1637	3	HLA-A2	flu	M1
CSAPGPGGTEAFF	TRBV	TRBJ				subject-1637	3	HLA-A2	flu	M1
CSAPQLAGGTDTQYF	TRBV	TRBJ				subject-1637	3	HLA-A2	flu	M1
CSAPTSGPYNEQFF	TRBV	TRBJ				subject-1637	3	HLA-A2	flu	M1
CSAPYRVEGRIVNEQFF	TRBV	TRBJ				subject-1637	3	HLA-A2	flu	M1
CSAPYRVEGRIVNEQYF	TRBV	TRBJ				subject-1637	3	HLA-A2	flu	M1
CSAQGTGSSGANVLTF	TRBV	TRBJ				subject-1637	3	HLA-A2	flu	M1
CSARDDFGQGSYNEQFF	TRBV	TRBJ				subject-1637	3	HLA-A2	flu	M1
CSARDGLMEGAGELFF	TRBV	TRBJ				subject-1637	3	HLA-A2	flu	M1
CSARDGPGDPYEQYF	TRBV	TRBJ				subject-1637	3	HLA-A2	flu	M1
CSARDKAGEGYNEQFF	TRBV	TRBJ				subject-1637	3	HLA-A2	flu	M1
CSARDKFYRASGDSYEQYF	TRBV	TRBJ				subject-1637	3	HLA-A2	flu	M1
CSARDPGETGYEQFF	TRBV	TRBJ				subject-1637	3	HLA-A2	flu	M1
CSARDRAGEGYNEQFF	TRBV	TRBJ				subject-1637	3	HLA-A2	flu	M1
CSARDRLGEQYF	TRBV	TRBJ				subject-1637	3	HLA-A2	flu	M1
CSARDRWNSLGEQYF	TRBV	TRBJ				subject-1637	3	HLA-A2	flu	M1
CSARDSLAGAYEQYF	TRBV	TRBJ				subject-1637	3	HLA-A2	flu	M1
CSARDYAAYEQYF	TRBV	TRBJ				subject-1637	3	HLA-A2	flu	M1
CSAREKGLNYNEQFF	TRBV	TRBJ				subject-1637	3	HLA-A2	flu	M1
CSAREVYEQFF	TRBV	TRBJ				subject-1637	3	HLA-A2	flu	M1
CSARGALADFNSYEQYF	TRBV	TRBJ				subject-1637	3	HLA-A2	flu	M1
CSARIPTSGGPETQYF	TRBV	TRBJ				subject-1637	3	HLA-A2	flu	M1
CSARLTGGSGQPQHF	TRBV	TRBJ				subject-1637	3	HLA-A2	flu	M1
CSARNGEGFSYEQYF	TRBV	TRBJ				subject-1637	3	HLA-A2	flu	M1
CSARPTWDTAGEQYF	TRBV	TRBJ				subject-1637	3	HLA-A2	flu	M1
CSARPWDRALATNEKLFF	TRBV	TRBJ				subject-1637	3	HLA-A2	flu	M1
CSARTIAGEGYNEQFF	TRBV	TRBJ				subject-1637	3	HLA-A2	flu	M1
CSASPRTGGIYEQYF	TRBV	TRBJ				subject-1637	3	HLA-A2	flu	M1
CSASQPGHDSGYTF	TRBV	TRBJ				subject-1637	3	HLA-A2	flu	M1
CSASSDESSYNEQFF	TRBV	TRBJ				subject-1637	3	HLA-A2	flu	M1
CSATEGGLWEQYF	TRBV	TRBJ				subject-1637	3	HLA-A2	flu	M1
CSATHRLAGQIYNEQFF	TRBV	TRBJ				subject-1637	3	HLA-A2	flu	M1
CSAVDSNSNQPQHF	TRBV	TRBJ				subject-1637	3	HLA-A2	flu	M1
CSAVMWGTSGTQGSQYF	TRBV	TRBJ				subject-1637	3	HLA-A2	flu	M1
CSETGVSDEQFF	TRBV	TRBJ				subject-1637	3	HLA-A2	flu	M1
CSPGTSYGYTF	TRBV	TRBJ				subject-1637	3	HLA-A2	flu	M1
CSPIQDSLGYTF	TRBV	TRBJ				subject-1637	3	HLA-A2	flu	M1
CSVASGTGTNTEAFF	TRBV	TRBJ				subject-1637	3	HLA-A2	flu	M1
CSVDDRGTTEAFF	TRBV	TRBJ				subject-1637	3	HLA-A2	flu	M1
CSVDTGSPGYGYTF	TRBV	TRBJ				subject-1637	3	HLA-A2	flu	M1
CSVDTLGRGGTEAFF	TRBV	TRBJ				subject-1637	3	HLA-A2	flu	M1
CSVEDEGLTDTQYF	TRBV	TRBJ				subject-1637	3	HLA-A2	flu	M1
CSVEDISGYNEQFF	TRBV	TRBJ				subject-1637	3	HLA-A2	flu	M1
CSVEDISGYNEQYF	TRBV	TRBJ				subject-1637	3	HLA-A2	flu	M1
CSVEDLGYPTSDTQYF	TRBV	TRBJ				subject-1637	3	HLA-A2	flu	M1
CSVEDVASGSGEQFF	TRBV	TRBJ				subject-1637	3	HLA-A2	flu	M1
CSVEENGNYGYTF	TRBV	TRBJ				subject-1637	3	HLA-A2	flu	M1
CSVEENTGTGAIYEQYF	TRBV	TRBJ				subject-1637	3	HLA-A2	flu	M1
CSVEGTRGYNEQFF	TRBV	TRBJ				subject-1637	3	HLA-A2	flu	M1
CSVEHASGTYEQHF	TRBV	TRBJ				subject-1637	3	HLA-A2	flu	M1
CSVEKGTATLEQYF	TRBV	TRBJ				subject-1637	3	HLA-A2	flu	M1
CSVELASGTYEQYF	TRBV	TRBJ				subject-1637	3	HLA-A2	flu	M1
CSVETGQTQETQYF	TRBV	TRBJ				subject-1637	3	HLA-A2	flu	M1
CSVEVGRAVNTEAFF	TRBV	TRBJ				subject-1637	3	HLA-A2	flu	M1
CSVEVPPGEQFF	TRBV	TRBJ				subject-1637	3	HLA-A2	flu	M1
CSVGKSTSVPLNEQFF	TRBV	TRBJ				subject-1637	3	HLA-A2	flu	M1
CSVGSGGTNEKLFF	TRBV	TRBJ				subject-1637	3	HLA-A2	flu	M1
CSVLGTQEESYEQYF	TRBV	TRBJ				subject-1637	3	HLA-A2	flu	M1
CSVLPPDRGLNQPQHF	TRBV	TRBJ				subject-1637	3	HLA-A2	flu	M1
CSVLRYF	TRBV	TRBJ				subject-1637	3	HLA-A2	flu	M1
CSVRSGGAKNIQYF	TRBV	TRBJ				subject-1637	3	HLA-A2	flu	M1
CSVRTGRDEQYF	TRBV	TRBJ				subject-1637	3	HLA-A2	flu	M1
CSVRTNEFYEQYF	TRBV	TRBJ				subject-1637	3	HLA-A2	flu	M1
CSVSTGGFGNQPQHF	TRBV	TRBJ				subject-1637	3	HLA-A2	flu	M1
CSVVDSGKTHNEQFF	TRBV	TRBJ				subject-1637	3	HLA-A2	flu	M1
CSVVGSERRSSYNEQFF	TRBV	TRBJ				subject-1637	3	HLA-A2	flu	M1
CSVVSGKGLNTEAFF	TRBV	TRBJ				subject-1637	3	HLA-A2	flu	M1
CSVVTENNYGYTF	TRBV	TRBJ				subject-1637	3	HLA-A2	flu	M1
RASSPPGETQYF	TRBV	TRBJ				subject-1637	3	HLA-A2	flu	M1
CAIPTDSSGNTIYF	TRBV	TRBJ				subject-1mc1	3	HLA-A2	EBV	BMLF1
CAISESSAQETQYF	TRBV	TRBJ				subject-1mc1	3	HLA-A2	EBV	BMLF1
CASGPYTGGYNEQFF	TRBV	TRBJ				subject-1mc1	3	HLA-A2	EBV	BMLF1
CASGQGRMKENTEAFF	TRBV	TRBJ				subject-1mc1	3	HLA-A2	EBV	BMLF1
CASIGQGGSPLHF	TRBV	TRBJ				subject-1mc1	3	HLA-A2	EBV	BMLF1
CASRDNNQPQHF	TRBV	TRBJ				subject-1mc1	3	HLA-A2	EBV	BMLF1
CASRDRAPSYEQYF	TRBV	TRBJ				subject-1mc1	3	HLA-A2	EBV	BMLF1
CASRLGETQYF	TRBV	TRBJ				subject-1mc1	3	HLA-A2	EBV	BMLF1
CASSAPGAGANVLTF	TRBV	TRBJ				subject-1mc1	3	HLA-A2	EBV	BMLF1
CASSASAGPGDTQYF	TRBV	TRBJ				subject-1mc1	3	HLA-A2	EBV	BMLF1
CASSDGTDQETQYF	TRBV	TRBJ				subject-1mc1	3	HLA-A2	EBV	BMLF1
CASSDRTYEQFF	TRBV	TRBJ				subject-1mc1	3	HLA-A2	EBV	BMLF1
CASSEGVDTEAFF	TRBV	TRBJ				subject-1mc1	3	HLA-A2	EBV	BMLF1
CASSFGATDTQYF	TRBV	TRBJ				subject-1mc1	3	HLA-A2	EBV	BMLF1
CASSFGGFYEQYF	TRBV	TRBJ				subject-1mc1	3	HLA-A2	EBV	BMLF1
CASSFRPLAAPSDEQFF	TRBV	TRBJ				subject-1mc1	3	HLA-A2	EBV	BMLF1
CASSFSWTEAFF	TRBV	TRBJ				subject-1mc1	3	HLA-A2	EBV	BMLF1
CASSFVHGYTF	TRBV	TRBJ				subject-1mc1	3	HLA-A2	EBV	BMLF1
CASSGLRRDRDTQYF	TRBV	TRBJ				subject-1mc1	3	HLA-A2	EBV	BMLF1
CASSHASNEQFF	TRBV	TRBJ				subject-1mc1	3	HLA-A2	EBV	BMLF1
CASSHPSEQYF	TRBV	TRBJ				subject-1mc1	3	HLA-A2	EBV	BMLF1
CASSHRGQIGQFF	TRBV	TRBJ				subject-1mc1	3	HLA-A2	EBV	BMLF1
CASSKQGSTEAFF	TRBV	TRBJ				subject-1mc1	3	HLA-A2	EBV	BMLF1
CASSKTGGLNQPQHF	TRBV	TRBJ				subject-1mc1	3	HLA-A2	EBV	BMLF1
CASSLAGTSYYNEQFF	TRBV	TRBJ				subject-1mc1	3	HLA-A2	EBV	BMLF1
CASSLALDRGVETQYF	TRBV	TRBJ				subject-1mc1	3	HLA-A2	EBV	BMLF1
CASSLAYNEQFF	TRBV	TRBJ				subject-1mc1	3	HLA-A2	EBV	BMLF1
CASSLDRGNTIYF	TRBV	TRBJ				subject-1mc1	3	HLA-A2	EBV	BMLF1
CASSLEAAPHYGYTF	TRBV	TRBJ				subject-1mc1	3	HLA-A2	EBV	BMLF1
CASSLELGWATNEKLFF	TRBV	TRBJ				subject-1mc1	3	HLA-A2	EBV	BMLF1
CASSLESGRTNTEAFF	TRBV	TRBJ				subject-1mc1	3	HLA-A2	EBV	BMLF1
CASSLGGGGGNQPQHF	TRBV	TRBJ				subject-1mc1	3	HLA-A2	EBV	BMLF1
CASSLGGGPQETQYF	TRBV	TRBJ				subject-1mc1	3	HLA-A2	EBV	BMLF1
CASSLGGRASTDTQYF	TRBV	TRBJ				subject-1mc1	3	HLA-A2	EBV	BMLF1
CASSLGGTYEQYF	TRBV	TRBJ				subject-1mc1	3	HLA-A2	EBV	BMLF1
CASSLGGYEQYF	TRBV	TRBJ				subject-1mc1	3	HLA-A2	EBV	BMLF1
CASSLGLSGTQYF	TRBV	TRBJ				subject-1mc1	3	HLA-A2	EBV	BMLF1
CASSLGPGKRETQYF	TRBV	TRBJ				subject-1mc1	3	HLA-A2	EBV	BMLF1
CASSLGQAYEQYF	TRBV	TRBJ				subject-1mc1	3	HLA-A2	EBV	BMLF1
CASSLKSPGVDTQYF	TRBV	TRBJ				subject-1mc1	3	HLA-A2	EBV	BMLF1
CASSLLGSNQPQHF	TRBV	TRBJ				subject-1mc1	3	HLA-A2	EBV	BMLF1
CASSLLSGTSLRVTGELFF	TRBV	TRBJ				subject-1mc1	3	HLA-A2	EBV	BMLF1
CASSLMLQQETQYF	TRBV	TRBJ				subject-1mc1	3	HLA-A2	EBV	BMLF1
CASSLPLAGYNEQFF	TRBV	TRBJ				subject-1mc1	3	HLA-A2	EBV	BMLF1
CASSLQGGSKYF	TRBV	TRBJ				subject-1mc1	3	HLA-A2	EBV	BMLF1
CASSLREKDTQYF	TRBV	TRBJ				subject-1mc1	3	HLA-A2	EBV	BMLF1
CASSLRRGLEQYF	TRBV	TRBJ				subject-1mc1	3	HLA-A2	EBV	BMLF1
CASSLSGSYYNEQFF	TRBV	TRBJ				subject-1mc1	3	HLA-A2	EBV	BMLF1
CASSLSQGGNSPLHF	TRBV	TRBJ				subject-1mc1	3	HLA-A2	EBV	BMLF1
CASSLVGGMTGYEQFF	TRBV	TRBJ				subject-1mc1	3	HLA-A2	EBV	BMLF1
CASSLVGQGSYEQYF	TRBV	TRBJ				subject-1mc1	3	HLA-A2	EBV	BMLF1
CASSLVKLGIALIETQYF	TRBV	TRBJ				subject-1mc1	3	HLA-A2	EBV	BMLF1
CASSLWNTEAFF	TRBV	TRBJ				subject-1mc1	3	HLA-A2	EBV	BMLF1
CASSPFRGGLGYGYTF	TRBV	TRBJ				subject-1mc1	3	HLA-A2	EBV	BMLF1
CASSPGQGAGQPQHF	TRBV	TRBJ				subject-1mc1	3	HLA-A2	EBV	BMLF1
CASSPHEDSDTGELFF	TRBV	TRBJ				subject-1mc1	3	HLA-A2	EBV	BMLF1
CASSPQTGWDTEAFF	TRBV	TRBJ				subject-1mc1	3	HLA-A2	EBV	BMLF1
CASSPTGGDIQYF	TRBV	TRBJ				subject-1mc1	3	HLA-A2	EBV	BMLF1
CASSPWVSGDTQYF	TRBV	TRBJ				subject-1mc1	3	HLA-A2	EBV	BMLF1
CASSQAGLEAYNEQFF	TRBV	TRBJ				subject-1mc1	3	HLA-A2	EBV	BMLF1
CASSQAGQGAYEQYF	TRBV	TRBJ				subject-1mc1	3	HLA-A2	EBV	BMLF1
CASSQDLTGPTDTQYF	TRBV	TRBJ				subject-1mc1	3	HLA-A2	EBV	BMLF1
CASSQDRTGVRNIQYF	TRBV	TRBJ				subject-1mc1	3	HLA-A2	EBV	BMLF1
CASSQDSSGGLGEQFF	TRBV	TRBJ				subject-1mc1	3	HLA-A2	EBV	BMLF1
CASSQELAGAYNEQFF	TRBV	TRBJ				subject-1mc1	3	HLA-A2	EBV	BMLF1
CASSQERGGKWAYEQYF	TRBV	TRBJ				subject-1mc1	3	HLA-A2	EBV	BMLF1
CASSQERGNEQFF	TRBV	TRBJ				subject-1mc1	3	HLA-A2	EBV	BMLF1
CASSQSPGGEQFF	TRBV	TRBJ				subject-1mc1	3	HLA-A2	EBV	BMLF1
CASSQSPGGEQYF	TRBV	TRBJ				subject-1mc1	3	HLA-A2	EBV	BMLF1
CASSQSPGGLTFF	TRBV	TRBJ				subject-1mc1	3	HLA-A2	EBV	BMLF1
CASSQSPGGTQYF	TRBV	TRBJ				subject-1mc1	3	HLA-A2	EBV	BMLF1
CASSQSPGGVQYF	TRBV	TRBJ				subject-1mc1	3	HLA-A2	EBV	BMLF1
CASSQVGLGRGSQYF	TRBV	TRBJ				subject-1mc1	3	HLA-A2	EBV	BMLF1
CASSRDRSYNEQFF	TRBV	TRBJ				subject-1mc1	3	HLA-A2	EBV	BMLF1
CASSRDSGGNEQFF	TRBV	TRBJ				subject-1mc1	3	HLA-A2	EBV	BMLF1
CASSRTGQGQETQYF	TRBV	TRBJ				subject-1mc1	3	HLA-A2	EBV	BMLF1
CASSSGGNEQFF	TRBV	TRBJ				subject-1mc1	3	HLA-A2	EBV	BMLF1
CASSSGLQETQYF	TRBV	TRBJ				subject-1mc1	3	HLA-A2	EBV	BMLF1
CASSSLAGDLGEQYF	TRBV	TRBJ				subject-1mc1	3	HLA-A2	EBV	BMLF1
CASSSQGASEQFF	TRBV	TRBJ				subject-1mc1	3	HLA-A2	EBV	BMLF1
CASSSRWVGGSSYEQYF	TRBV	TRBJ				subject-1mc1	3	HLA-A2	EBV	BMLF1
CASSSSTGDDYTF	TRBV	TRBJ				subject-1mc1	3	HLA-A2	EBV	BMLF1
CASSTGTGSAGYTF	TRBV	TRBJ				subject-1mc1	3	HLA-A2	EBV	BMLF1
CASSTQAQETQYF	TRBV	TRBJ				subject-1mc1	3	HLA-A2	EBV	BMLF1
CASSTTSGARIGNEQFF	TRBV	TRBJ				subject-1mc1	3	HLA-A2	EBV	BMLF1
CASSVAGGDEQFF	TRBV	TRBJ				subject-1mc1	3	HLA-A2	EBV	BMLF1
CASSVLRTSGSYNEQFF	TRBV	TRBJ				subject-1mc1	3	HLA-A2	EBV	BMLF1
CASSVRGRGTQTDTQYF	TRBV	TRBJ				subject-1mc1	3	HLA-A2	EBV	BMLF1
CASSVSGQSFYNEQFF	TRBV	TRBJ				subject-1mc1	3	HLA-A2	EBV	BMLF1
CASSVVGGDEQYF	TRBV	TRBJ				subject-1mc1	3	HLA-A2	EBV	BMLF1
CASSVVGGNEQFF	TRBV	TRBJ				subject-1mc1	3	HLA-A2	EBV	BMLF1
CASSVVGNEQFF	TRBV	TRBJ				subject-1mc1	3	HLA-A2	EBV	BMLF1
CASSVVGNEQYF	TRBV	TRBJ				subject-1mc1	3	HLA-A2	EBV	BMLF1
CASSYEDGRYNEQFF	TRBV	TRBJ				subject-1mc1	3	HLA-A2	EBV	BMLF1
CASSYRGDRPEAFF	TRBV	TRBJ				subject-1mc1	3	HLA-A2	EBV	BMLF1
CASSYRLHEKLFF	TRBV	TRBJ				subject-1mc1	3	HLA-A2	EBV	BMLF1
CASSYSASGGEQFF	TRBV	TRBJ				subject-1mc1	3	HLA-A2	EBV	BMLF1
CASSYSPGNEQYF	TRBV	TRBJ				subject-1mc1	3	HLA-A2	EBV	BMLF1
CASSYSPGPITDTQYF	TRBV	TRBJ				subject-1mc1	3	HLA-A2	EBV	BMLF1
CASTLTTDPYEQYF	TRBV	TRBJ				subject-1mc1	3	HLA-A2	EBV	BMLF1
CAWEDRYNEQFF	TRBV	TRBJ				subject-1mc1	3	HLA-A2	EBV	BMLF1
CAWGDRGGYGYTF	TRBV	TRBJ				subject-1mc1	3	HLA-A2	EBV	BMLF1
CAWNREGSALTTQYF	TRBV	TRBJ				subject-1mc1	3	HLA-A2	EBV	BMLF1
CAWRHRDRGSEQFF	TRBV	TRBJ				subject-1mc1	3	HLA-A2	EBV	BMLF1
CAWSVAVEQYF	TRBV	TRBJ				subject-1mc1	3	HLA-A2	EBV	BMLF1
CAWSVWDRGYEQYF	TRBV	TRBJ				subject-1mc1	3	HLA-A2	EBV	BMLF1
CSADRTGSYEQYF	TRBV	TRBJ				subject-1mc1	3	HLA-A2	EBV	BMLF1
CSAGTEGTNEKLFF	TRBV	TRBJ				subject-1mc1	3	HLA-A2	EBV	BMLF1
CSAGTGGTNEKLFF	TRBV	TRBJ				subject-1mc1	3	HLA-A2	EBV	BMLF1
CSAIPQGTPYNEQFF	TRBV	TRBJ				subject-1mc1	3	HLA-A2	EBV	BMLF1
CSAMNAGLPPNIQYF	TRBV	TRBJ				subject-1mc1	3	HLA-A2	EBV	BMLF1
CSARAGVGNTIYF	TRBV	TRBJ				subject-1mc1	3	HLA-A2	EBV	BMLF1
CSARDGTGNGYTF	TRBV	TRBJ				subject-1mc1	3	HLA-A2	EBV	BMLF1
CSARDQTGNGYTF	TRBV	TRBJ				subject-1mc1	3	HLA-A2	EBV	BMLF1
CSARDRVGNTIYF	TRBV	TRBJ				subject-1mc1	3	HLA-A2	EBV	BMLF1
CSARGDGGRLGTDTQYF	TRBV	TRBJ				subject-1mc1	3	HLA-A2	EBV	BMLF1
CSARIEVGNTIYF	TRBV	TRBJ				subject-1mc1	3	HLA-A2	EBV	BMLF1
CSARLGVGNTIYF	TRBV	TRBJ				subject-1mc1	3	HLA-A2	EBV	BMLF1
CSARNPGSGYTF	TRBV	TRBJ				subject-1mc1	3	HLA-A2	EBV	BMLF1
CSARSETGNTIYF	TRBV	TRBJ				subject-1mc1	3	HLA-A2	EBV	BMLF1
CSARTPPGNTIYF	TRBV	TRBJ				subject-1mc1	3	HLA-A2	EBV	BMLF1
CSARTSGTYEQYF	TRBV	TRBJ				subject-1mc1	3	HLA-A2	EBV	BMLF1
CSARVGVGNTIYF	TRBV	TRBJ				subject-1mc1	3	HLA-A2	EBV	BMLF1
CSAYPGPNYGEQYF	TRBV	TRBJ				subject-1mc1	3	HLA-A2	EBV	BMLF1
CSGEDQETQYF	TRBV	TRBJ				subject-1mc1	3	HLA-A2	EBV	BMLF1
CSGGQGETQYF	TRBV	TRBJ				subject-1mc1	3	HLA-A2	EBV	BMLF1
CSVAEMNTEAFF	TRBV	TRBJ				subject-1mc1	3	HLA-A2	EBV	BMLF1
CSVEGTSGRGEQFF	TRBV	TRBJ				subject-1mc1	3	HLA-A2	EBV	BMLF1
CSVGRDGTNEKLFF	TRBV	TRBJ				subject-1mc1	3	HLA-A2	EBV	BMLF1
CSVGTGGTNEKLFF	TRBV	TRBJ				subject-1mc1	3	HLA-A2	EBV	BMLF1
CSYAAGVNEQFF	TRBV	TRBJ				subject-1mc1	3	HLA-A2	EBV	BMLF1
CSYAAGVNEQYF	TRBV	TRBJ				subject-1mc1	3	HLA-A2	EBV	BMLF1
CACAPGQGYEQYF	TRBV	TRBJ				subject-1mc13	3	HLA-A2	EBV	BMLF1
CANSLSGDYGYTF	TRBV	TRBJ				subject-1mc13	3	HLA-A2	EBV	BMLF1
CASGGHNEQFF	TRBV	TRBJ				subject-1mc13	3	HLA-A2	EBV	BMLF1
CASGLGTSGGVGELFF	TRBV	TRBJ				subject-1mc13	3	HLA-A2	EBV	BMLF1
CASGRRYNEQFF	TRBV	TRBJ				subject-1mc13	3	HLA-A2	EBV	BMLF1
CASIQMARETDEQFF	TRBV	TRBJ				subject-1mc13	3	HLA-A2	EBV	BMLF1
CASRGEEGTQYF	TRBV	TRBJ				subject-1mc13	3	HLA-A2	EBV	BMLF1
CASRGSGELFF	TRBV	TRBJ				subject-1mc13	3	HLA-A2	EBV	BMLF1
CASRLDTAAYEQYF	TRBV	TRBJ				subject-1mc13	3	HLA-A2	EBV	BMLF1
CASRLGTDHEQYF	TRBV	TRBJ				subject-1mc13	3	HLA-A2	EBV	BMLF1
CASRPGQGVYEQYF	TRBV	TRBJ				subject-1mc13	3	HLA-A2	EBV	BMLF1
CASRPTGGAGGTDTQYF	TRBV	TRBJ				subject-1mc13	3	HLA-A2	EBV	BMLF1
CASRRTTGANTEAFF	TRBV	TRBJ				subject-1mc13	3	HLA-A2	EBV	BMLF1
CASRSASNEQFF	TRBV	TRBJ				subject-1mc13	3	HLA-A2	EBV	BMLF1
CASSAAGAVETQYF	TRBV	TRBJ				subject-1mc13	3	HLA-A2	EBV	BMLF1
CASSAGTPLYYGYTF	TRBV	TRBJ				subject-1mc13	3	HLA-A2	EBV	BMLF1
CASSALDTQYF	TRBV	TRBJ				subject-1mc13	3	HLA-A2	EBV	BMLF1
CASSAPGQNYGYTF	TRBV	TRBJ				subject-1mc13	3	HLA-A2	EBV	BMLF1
CASSASGKGVTGELFF	TRBV	TRBJ				subject-1mc13	3	HLA-A2	EBV	BMLF1
CASSDRAPEAFF	TRBV	TRBJ				subject-1mc13	3	HLA-A2	EBV	BMLF1
CASSDRTDTQYF	TRBV	TRBJ				subject-1mc13	3	HLA-A2	EBV	BMLF1
CASSEDRYTSTDTQYF	TRBV	TRBJ				subject-1mc13	3	HLA-A2	EBV	BMLF1
CASSEIARPRAFF	TRBV	TRBJ				subject-1mc13	3	HLA-A2	EBV	BMLF1
CASSFAGGKDYGYTF	TRBV	TRBJ				subject-1mc13	3	HLA-A2	EBV	BMLF1
CASSFFTGDGEQYF	TRBV	TRBJ				subject-1mc13	3	HLA-A2	EBV	BMLF1
CASSFGATDTQYF	TRBV	TRBJ				subject-1mc13	3	HLA-A2	EBV	BMLF1
CASSFGGNEQYF	TRBV	TRBJ				subject-1mc13	3	HLA-A2	EBV	BMLF1
CASSFGPNTEAFF	TRBV	TRBJ				subject-1mc13	3	HLA-A2	EBV	BMLF1
CASSFGPTAYEQYF	TRBV	TRBJ				subject-1mc13	3	HLA-A2	EBV	BMLF1
CASSFGQGLSGANVLTF	TRBV	TRBJ				subject-1mc13	3	HLA-A2	EBV	BMLF1
CASSFGQGNTEAFF	TRBV	TRBJ				subject-1mc13	3	HLA-A2	EBV	BMLF1
CASSFGVAGGASRHEQYF	TRBV	TRBJ				subject-1mc13	3	HLA-A2	EBV	BMLF1
CASSFKGQPYTGELFF	TRBV	TRBJ				subject-1mc13	3	HLA-A2	EBV	BMLF1
CASSFPPYNEQFF	TRBV	TRBJ				subject-1mc13	3	HLA-A2	EBV	BMLF1
CASSFQGTEAFF	TRBV	TRBJ				subject-1mc13	3	HLA-A2	EBV	BMLF1
CASSFSETSTDTQYF	TRBV	TRBJ				subject-1mc13	3	HLA-A2	EBV	BMLF1
CASSFTEDEQFF	TRBV	TRBJ				subject-1mc13	3	HLA-A2	EBV	BMLF1
CASSFTGKGYNEQFF	TRBV	TRBJ				subject-1mc13	3	HLA-A2	EBV	BMLF1
CASSGEQGDGYTF	TRBV	TRBJ				subject-1mc13	3	HLA-A2	EBV	BMLF1
CASSGGQGNTEAFF	TRBV	TRBJ				subject-1mc13	3	HLA-A2	EBV	BMLF1
CASSGQDGYTF	TRBV	TRBJ				subject-1mc13	3	HLA-A2	EBV	BMLF1
CASSGTSSPYEQYF	TRBV	TRBJ				subject-1mc13	3	HLA-A2	EBV	BMLF1
CASSHGGADTQYF	TRBV	TRBJ				subject-1mc13	3	HLA-A2	EBV	BMLF1
CASSHPEGGTGELFF	TRBV	TRBJ				subject-1mc13	3	HLA-A2	EBV	BMLF1
CASSHPYTGELFF	TRBV	TRBJ				subject-1mc13	3	HLA-A2	EBV	BMLF1
CASSHSGGARNTIYF	TRBV	TRBJ				subject-1mc13	3	HLA-A2	EBV	BMLF1
CASSIDQRSSYEQYF	TRBV	TRBJ				subject-1mc13	3	HLA-A2	EBV	BMLF1
CASSISSLNNQPQHF	TRBV	TRBJ				subject-1mc13	3	HLA-A2	EBV	BMLF1
CASSKREIRSTGTLRYEQYF	TRBV	TRBJ				subject-1mc13	3	HLA-A2	EBV	BMLF1
CASSLAGQRTDTQYF	TRBV	TRBJ				subject-1mc13	3	HLA-A2	EBV	BMLF1
CASSLALDSAGEQYF	TRBV	TRBJ				subject-1mc13	3	HLA-A2	EBV	BMLF1
CASSLAPGQGAEEQYF	TRBV	TRBJ				subject-1mc13	3	HLA-A2	EBV	BMLF1
CASSLDIGVSEAFF	TRBV	TRBJ				subject-1mc13	3	HLA-A2	EBV	BMLF1
CASSLDTDTQYF	TRBV	TRBJ				subject-1mc13	3	HLA-A2	EBV	BMLF1
CASSLDTWTGELFF	TRBV	TRBJ				subject-1mc13	3	HLA-A2	EBV	BMLF1
CASSLEAGGGYLEKLFF	TRBV	TRBJ				subject-1mc13	3	HLA-A2	EBV	BMLF1
CASSLEANTEAFF	TRBV	TRBJ				subject-1mc13	3	HLA-A2	EBV	BMLF1
CASSLEDRVIGKRDNEQFF	TRBV	TRBJ				subject-1mc13	3	HLA-A2	EBV	BMLF1
CASSLEKVDTIYF	TRBV	TRBJ				subject-1mc13	3	HLA-A2	EBV	BMLF1
CASSLEWDLAGTQYF	TRBV	TRBJ				subject-1mc13	3	HLA-A2	EBV	BMLF1
CASSLFSGGLNEQFF	TRBV	TRBJ				subject-1mc13	3	HLA-A2	EBV	BMLF1
CASSLGAAITGTF	TRBV	TRBJ				subject-1mc13	3	HLA-A2	EBV	BMLF1
CASSLGAYEQYF	TRBV	TRBJ				subject-1mc13	3	HLA-A2	EBV	BMLF1
CASSLGGEETQYF	TRBV	TRBJ				subject-1mc13	3	HLA-A2	EBV	BMLF1
CASSLGGPFNEQFF	TRBV	TRBJ				subject-1mc13	3	HLA-A2	EBV	BMLF1
CASSLGGPYEQYF	TRBV	TRBJ				subject-1mc13	3	HLA-A2	EBV	BMLF1
CASSLGLAGARGSSYNEQFF	TRBV	TRBJ				subject-1mc13	3	HLA-A2	EBV	BMLF1
CASSLGQGEAFF	TRBV	TRBJ				subject-1mc13	3	HLA-A2	EBV	BMLF1
CASSLGTGEQYF	TRBV	TRBJ				subject-1mc13	3	HLA-A2	EBV	BMLF1
CASSLGVAYGGEDTEAFF	TRBV	TRBJ				subject-1mc13	3	HLA-A2	EBV	BMLF1
CASSLHNEQFF	TRBV	TRBJ				subject-1mc13	3	HLA-A2	EBV	BMLF1
CASSLLAGGPNYNEQFF	TRBV	TRBJ				subject-1mc13	3	HLA-A2	EBV	BMLF1
CASSLLGLPGSEQYF	TRBV	TRBJ				subject-1mc13	3	HLA-A2	EBV	BMLF1
CASSLLQGRQPQHF	TRBV	TRBJ				subject-1mc13	3	HLA-A2	EBV	BMLF1
CASSLLSGTSLRVTGELFF	TRBV	TRBJ				subject-1mc13	3	HLA-A2	EBV	BMLF1
CASSLPQGEQYF	TRBV	TRBJ				subject-1mc13	3	HLA-A2	EBV	BMLF1
CASSLRASPRTEAFF	TRBV	TRBJ				subject-1mc13	3	HLA-A2	EBV	BMLF1
CASSLRGTETEAFF	TRBV	TRBJ				subject-1mc13	3	HLA-A2	EBV	BMLF1
CASSLRPQQDSSYNEQFF	TRBV	TRBJ				subject-1mc13	3	HLA-A2	EBV	BMLF1
CASSLSGDYGYTF	TRBV	TRBJ				subject-1mc13	3	HLA-A2	EBV	BMLF1
CASSLSGNEQYF	TRBV	TRBJ				subject-1mc13	3	HLA-A2	EBV	BMLF1
CASSLSLGRIDGYTF	TRBV	TRBJ				subject-1mc13	3	HLA-A2	EBV	BMLF1
CASSLSPSASYEQYF	TRBV	TRBJ				subject-1mc13	3	HLA-A2	EBV	BMLF1
CASSLSRGPYNEQFF	TRBV	TRBJ				subject-1mc13	3	HLA-A2	EBV	BMLF1
CASSLVGGSGISTDTQYF	TRBV	TRBJ				subject-1mc13	3	HLA-A2	EBV	BMLF1
CASSLVQGYEQYF	TRBV	TRBJ				subject-1mc13	3	HLA-A2	EBV	BMLF1
CASSLVRGGNEQFF	TRBV	TRBJ				subject-1mc13	3	HLA-A2	EBV	BMLF1
CASSLVRNYEQYF	TRBV	TRBJ				subject-1mc13	3	HLA-A2	EBV	BMLF1
CASSNGQGAVGEQFF	TRBV	TRBJ				subject-1mc13	3	HLA-A2	EBV	BMLF1
CASSPAPGSTTYEQYF	TRBV	TRBJ				subject-1mc13	3	HLA-A2	EBV	BMLF1
CASSPGGASGRSNEQFF	TRBV	TRBJ				subject-1mc13	3	HLA-A2	EBV	BMLF1
CASSPGGAYNSPLHF	TRBV	TRBJ				subject-1mc13	3	HLA-A2	EBV	BMLF1
CASSPGGGGYTF	TRBV	TRBJ				subject-1mc13	3	HLA-A2	EBV	BMLF1
CASSPGLAGANEQFF	TRBV	TRBJ				subject-1mc13	3	HLA-A2	EBV	BMLF1
CASSPGPYTLNTGELFF	TRBV	TRBJ				subject-1mc13	3	HLA-A2	EBV	BMLF1
CASSPGQGGTDTQYF	TRBV	TRBJ				subject-1mc13	3	HLA-A2	EBV	BMLF1
CASSPGTSGREKETQYF	TRBV	TRBJ				subject-1mc13	3	HLA-A2	EBV	BMLF1
CASSPGYEQYF	TRBV	TRBJ				subject-1mc13	3	HLA-A2	EBV	BMLF1
CASSPIMNTEAFF	TRBV	TRBJ				subject-1mc13	3	HLA-A2	EBV	BMLF1
CASSPKTSGTSYEQYF	TRBV	TRBJ				subject-1mc13	3	HLA-A2	EBV	BMLF1
CASSPLRVAEPQETQYF	TRBV	TRBJ				subject-1mc13	3	HLA-A2	EBV	BMLF1
CASSPNPAYEQYF	TRBV	TRBJ				subject-1mc13	3	HLA-A2	EBV	BMLF1
CASSPNRVGDQPQHF	TRBV	TRBJ				subject-1mc13	3	HLA-A2	EBV	BMLF1
CASSPPGQGIYGYTF	TRBV	TRBJ				subject-1mc13	3	HLA-A2	EBV	BMLF1
CASSPRAGVNQPQHF	TRBV	TRBJ				subject-1mc13	3	HLA-A2	EBV	BMLF1
CASSPRANPGELFF	TRBV	TRBJ				subject-1mc13	3	HLA-A2	EBV	BMLF1
CASSPRGDTQYF	TRBV	TRBJ				subject-1mc13	3	HLA-A2	EBV	BMLF1
CASSPRGGAGTDTQYF	TRBV	TRBJ				subject-1mc13	3	HLA-A2	EBV	BMLF1
CASSPRQGTETQYF	TRBV	TRBJ				subject-1mc13	3	HLA-A2	EBV	BMLF1
CASSPRTDLGEQYF	TRBV	TRBJ				subject-1mc13	3	HLA-A2	EBV	BMLF1
CASSPTGGPPSYEQYF	TRBV	TRBJ				subject-1mc13	3	HLA-A2	EBV	BMLF1
CASSPTPGPQFF	TRBV	TRBJ				subject-1mc13	3	HLA-A2	EBV	BMLF1
CASSPTSGGYEQYF	TRBV	TRBJ				subject-1mc13	3	HLA-A2	EBV	BMLF1
CASSPVGAASSYEQYF	TRBV	TRBJ				subject-1mc13	3	HLA-A2	EBV	BMLF1
CASSQAGSREQYF	TRBV	TRBJ				subject-1mc13	3	HLA-A2	EBV	BMLF1
CASSQAKNTEAFF	TRBV	TRBJ				subject-1mc13	3	HLA-A2	EBV	BMLF1
CASSQARLYQETQYF	TRBV	TRBJ				subject-1mc13	3	HLA-A2	EBV	BMLF1
CASSQDDRVEKLFF	TRBV	TRBJ				subject-1mc13	3	HLA-A2	EBV	BMLF1
CASSQDGGNEQFF	TRBV	TRBJ				subject-1mc13	3	HLA-A2	EBV	BMLF1
CASSQDGGSPYEQYF	TRBV	TRBJ				subject-1mc13	3	HLA-A2	EBV	BMLF1
CASSQDGLALRETQYF	TRBV	TRBJ				subject-1mc13	3	HLA-A2	EBV	BMLF1
CASSQDGSGGHTEQFF	TRBV	TRBJ				subject-1mc13	3	HLA-A2	EBV	BMLF1
CASSQDGSGGLGEQFF	TRBV	TRBJ				subject-1mc13	3	HLA-A2	EBV	BMLF1
CASSQDGSGGLGEQYF	TRBV	TRBJ				subject-1mc13	3	HLA-A2	EBV	BMLF1
CASSQDGTSGKETQYF	TRBV	TRBJ				subject-1mc13	3	HLA-A2	EBV	BMLF1
CASSQDRGGNTIYF	TRBV	TRBJ				subject-1mc13	3	HLA-A2	EBV	BMLF1
CASSQDRNRRVSPLHF	TRBV	TRBJ				subject-1mc13	3	HLA-A2	EBV	BMLF1
CASSQDRTDGNTIYF	TRBV	TRBJ				subject-1mc13	3	HLA-A2	EBV	BMLF1
CASSQEIPYEQFF	TRBV	TRBJ				subject-1mc13	3	HLA-A2	EBV	BMLF1
CASSQEIPYEQYF	TRBV	TRBJ				subject-1mc13	3	HLA-A2	EBV	BMLF1
CASSQEPGLVGGELFF	TRBV	TRBJ				subject-1mc13	3	HLA-A2	EBV	BMLF1
CASSQEQGPTNEKLFF	TRBV	TRBJ				subject-1mc13	3	HLA-A2	EBV	BMLF1
CASSQGARGPFF	TRBV	TRBJ				subject-1mc13	3	HLA-A2	EBV	BMLF1
CASSQGASDTQYF	TRBV	TRBJ				subject-1mc13	3	HLA-A2	EBV	BMLF1
CASSQGGGPAAFF	TRBV	TRBJ				subject-1mc13	3	HLA-A2	EBV	BMLF1
CASSQGLAGANEQFF	TRBV	TRBJ				subject-1mc13	3	HLA-A2	EBV	BMLF1
CASSQGQGGNQPQHF	TRBV	TRBJ				subject-1mc13	3	HLA-A2	EBV	BMLF1
CASSQGQGGYEQYF	TRBV	TRBJ				subject-1mc13	3	HLA-A2	EBV	BMLF1
CASSQGTAYGYTF	TRBV	TRBJ				subject-1mc13	3	HLA-A2	EBV	BMLF1
CASSQKTGKNTEAFF	TRBV	TRBJ				subject-1mc13	3	HLA-A2	EBV	BMLF1
CASSQLAGVETQYF	TRBV	TRBJ				subject-1mc13	3	HLA-A2	EBV	BMLF1
CASSQLAVSYNEQFF	TRBV	TRBJ				subject-1mc13	3	HLA-A2	EBV	BMLF1
CASSQLTGGVHEQYF	TRBV	TRBJ				subject-1mc13	3	HLA-A2	EBV	BMLF1
CASSQPQYSGANVLTF	TRBV	TRBJ				subject-1mc13	3	HLA-A2	EBV	BMLF1
CASSQQQGPSGYTF	TRBV	TRBJ				subject-1mc13	3	HLA-A2	EBV	BMLF1
CASSQRDLSSGNTIYF	TRBV	TRBJ				subject-1mc13	3	HLA-A2	EBV	BMLF1
CASSQRGVQETQYF	TRBV	TRBJ				subject-1mc13	3	HLA-A2	EBV	BMLF1
CASSQRIALGDGNQPQHF	TRBV	TRBJ				subject-1mc13	3	HLA-A2	EBV	BMLF1
CASSQSGNTEAFF	TRBV	TRBJ				subject-1mc13	3	HLA-A2	EBV	BMLF1
CASSQSPGGTQYF	TRBV	TRBJ				subject-1mc13	3	HLA-A2	EBV	BMLF1
CASSQVLDTEAFF	TRBV	TRBJ				subject-1mc13	3	HLA-A2	EBV	BMLF1
CASSQVLRGPSSYNEQFF	TRBV	TRBJ				subject-1mc13	3	HLA-A2	EBV	BMLF1
CASSQVSGLAGGQNTGELFF	TRBV	TRBJ				subject-1mc13	3	HLA-A2	EBV	BMLF1
CASSQVSPVVLDRDNEQFF	TRBV	TRBJ				subject-1mc13	3	HLA-A2	EBV	BMLF1
CASSRLGGRNQPQHF	TRBV	TRBJ				subject-1mc13	3	HLA-A2	EBV	BMLF1
CASSRPGQGDTEAFF	TRBV	TRBJ				subject-1mc13	3	HLA-A2	EBV	BMLF1
CASSRPTGNTEAFF	TRBV	TRBJ				subject-1mc13	3	HLA-A2	EBV	BMLF1
CASSRQGGGGNQPQHF	TRBV	TRBJ				subject-1mc13	3	HLA-A2	EBV	BMLF1
CASSRRPGLGETQYF	TRBV	TRBJ				subject-1mc13	3	HLA-A2	EBV	BMLF1
CASSRTGMGETQYF	TRBV	TRBJ				subject-1mc13	3	HLA-A2	EBV	BMLF1
CASSSFCGRSYEQYF	TRBV	TRBJ				subject-1mc13	3	HLA-A2	EBV	BMLF1
CASSSGGLSSGNTIYF	TRBV	TRBJ				subject-1mc13	3	HLA-A2	EBV	BMLF1
CASSSGLATGSYEQYF	TRBV	TRBJ				subject-1mc13	3	HLA-A2	EBV	BMLF1
CASSSGTGDYEQYF	TRBV	TRBJ				subject-1mc13	3	HLA-A2	EBV	BMLF1
CASSSGTSGSVETQYF	TRBV	TRBJ				subject-1mc13	3	HLA-A2	EBV	BMLF1
CASSSKGLVESTTEQFF	TRBV	TRBJ				subject-1mc13	3	HLA-A2	EBV	BMLF1
CASSSLGGDEQFF	TRBV	TRBJ				subject-1mc13	3	HLA-A2	EBV	BMLF1
CASSSLRVETQYF	TRBV	TRBJ				subject-1mc13	3	HLA-A2	EBV	BMLF1
CASSSPHRGRFEQYF	TRBV	TRBJ				subject-1mc13	3	HLA-A2	EBV	BMLF1
CASSSPPGVVEQYF	TRBV	TRBJ				subject-1mc13	3	HLA-A2	EBV	BMLF1
CASSSQLWREEIEQFF	TRBV	TRBJ				subject-1mc13	3	HLA-A2	EBV	BMLF1
CASSSRGTYEQYF	TRBV	TRBJ				subject-1mc13	3	HLA-A2	EBV	BMLF1
CASSSSPTLPPDTQYF	TRBV	TRBJ				subject-1mc13	3	HLA-A2	EBV	BMLF1
CASSSTATYEQYF	TRBV	TRBJ				subject-1mc13	3	HLA-A2	EBV	BMLF1
CASSSTDEATEAFF	TRBV	TRBJ				subject-1mc13	3	HLA-A2	EBV	BMLF1
CASSSTETGTEAFF	TRBV	TRBJ				subject-1mc13	3	HLA-A2	EBV	BMLF1
CASSSTGLNTEAFF	TRBV	TRBJ				subject-1mc13	3	HLA-A2	EBV	BMLF1
CASSSTGNTNTGELFF	TRBV	TRBJ				subject-1mc13	3	HLA-A2	EBV	BMLF1
CASSSTGTDDTDTQYF	TRBV	TRBJ				subject-1mc13	3	HLA-A2	EBV	BMLF1
CASSSTGYEQYF	TRBV	TRBJ				subject-1mc13	3	HLA-A2	EBV	BMLF1
CASSSTSVQETQYF	TRBV	TRBJ				subject-1mc13	3	HLA-A2	EBV	BMLF1
CASSTGVRSYEQYF	TRBV	TRBJ				subject-1mc13	3	HLA-A2	EBV	BMLF1
CASSTHTDTQYF	TRBV	TRBJ				subject-1mc13	3	HLA-A2	EBV	BMLF1
CASSTLPRQGPQETQYF	TRBV	TRBJ				subject-1mc13	3	HLA-A2	EBV	BMLF1
CASSTPSNNEQFF	TRBV	TRBJ				subject-1mc13	3	HLA-A2	EBV	BMLF1
CASSVGPQETQYF	TRBV	TRBJ				subject-1mc13	3	HLA-A2	EBV	BMLF1
CASSVNPGGNTEAFF	TRBV	TRBJ				subject-1mc13	3	HLA-A2	EBV	BMLF1
CASSWDSSYNEQFF	TRBV	TRBJ				subject-1mc13	3	HLA-A2	EBV	BMLF1
CASSWGAGQPQHF	TRBV	TRBJ				subject-1mc13	3	HLA-A2	EBV	BMLF1
CASSYGGPLEEQYF	TRBV	TRBJ				subject-1mc13	3	HLA-A2	EBV	BMLF1
CASSYGREAFF	TRBV	TRBJ				subject-1mc13	3	HLA-A2	EBV	BMLF1
CASSYRDRENIQYF	TRBV	TRBJ				subject-1mc13	3	HLA-A2	EBV	BMLF1
CASSYRDSYEQYF	TRBV	TRBJ				subject-1mc13	3	HLA-A2	EBV	BMLF1
CASSYRNTIYF	TRBV	TRBJ				subject-1mc13	3	HLA-A2	EBV	BMLF1
CASSYSEGYEQYF	TRBV	TRBJ				subject-1mc13	3	HLA-A2	EBV	BMLF1
CASSYSGTGAYEQYF	TRBV	TRBJ				subject-1mc13	3	HLA-A2	EBV	BMLF1
CASSYTGGTTDTQYF	TRBV	TRBJ				subject-1mc13	3	HLA-A2	EBV	BMLF1
CASTGGLAGGRTTQETQYF	TRBV	TRBJ				subject-1mc13	3	HLA-A2	EBV	BMLF1
CASTIGGGETQYF	TRBV	TRBJ				subject-1mc13	3	HLA-A2	EBV	BMLF1
CASTLAQGSQTEAFF	TRBV	TRBJ				subject-1mc13	3	HLA-A2	EBV	BMLF1
CASTLGGDWGGQETQYF	TRBV	TRBJ				subject-1mc13	3	HLA-A2	EBV	BMLF1
CASTLGGNTGELFF	TRBV	TRBJ				subject-1mc13	3	HLA-A2	EBV	BMLF1
CASTPHREPGELFF	TRBV	TRBJ				subject-1mc13	3	HLA-A2	EBV	BMLF1
CASTQILRTGTNTQYF	TRBV	TRBJ				subject-1mc13	3	HLA-A2	EBV	BMLF1
CATSRDVIGSNEQFF	TRBV	TRBJ				subject-1mc13	3	HLA-A2	EBV	BMLF1
CATSRGQSYGYTF	TRBV	TRBJ				subject-1mc13	3	HLA-A2	EBV	BMLF1
CATSRLLSEQYF	TRBV	TRBJ				subject-1mc13	3	HLA-A2	EBV	BMLF1
CATSRVNPQETQYF	TRBV	TRBJ				subject-1mc13	3	HLA-A2	EBV	BMLF1
CATSTFAGELFF	TRBV	TRBJ				subject-1mc13	3	HLA-A2	EBV	BMLF1
CATTGSAYGYTF	TRBV	TRBJ				subject-1mc13	3	HLA-A2	EBV	BMLF1
CAWSATSSNQPQHF	TRBV	TRBJ				subject-1mc13	3	HLA-A2	EBV	BMLF1
CAWSGLVSGGNEQYF	TRBV	TRBJ				subject-1mc13	3	HLA-A2	EBV	BMLF1
CAWSMDRDFYGYTF	TRBV	TRBJ				subject-1mc13	3	HLA-A2	EBV	BMLF1
CSADAFF	TRBV	TRBJ				subject-1mc13	3	HLA-A2	EBV	BMLF1
CSARDGTGNGYTF	TRBV	TRBJ				subject-1mc13	3	HLA-A2	EBV	BMLF1
CSARDQTGNGYTF	TRBV	TRBJ				subject-1mc13	3	HLA-A2	EBV	BMLF1
CSARDRIGNGYTF	TRBV	TRBJ				subject-1mc13	3	HLA-A2	EBV	BMLF1
CSARDRVGNTIYF	TRBV	TRBJ				subject-1mc13	3	HLA-A2	EBV	BMLF1
CSARDSTGNGYTF	TRBV	TRBJ				subject-1mc13	3	HLA-A2	EBV	BMLF1
CSAREGLQRDNEQFF	TRBV	TRBJ				subject-1mc13	3	HLA-A2	EBV	BMLF1
CSARGQAPYEQYF	TRBV	TRBJ				subject-1mc13	3	HLA-A2	EBV	BMLF1
CSARLGVGNTIYF	TRBV	TRBJ				subject-1mc13	3	HLA-A2	EBV	BMLF1
CSARLQGENTIYF	TRBV	TRBJ				subject-1mc13	3	HLA-A2	EBV	BMLF1
CSARNPGLAGVGETQYF	TRBV	TRBJ				subject-1mc13	3	HLA-A2	EBV	BMLF1
CSARSETGNTIYF	TRBV	TRBJ				subject-1mc13	3	HLA-A2	EBV	BMLF1
CSAVETGNEQFF	TRBV	TRBJ				subject-1mc13	3	HLA-A2	EBV	BMLF1
CSGWDTSGEQYF	TRBV	TRBJ				subject-1mc13	3	HLA-A2	EBV	BMLF1
CSVDEGSDTQYF	TRBV	TRBJ				subject-1mc13	3	HLA-A2	EBV	BMLF1
CSVDGGTTNTGELFF	TRBV	TRBJ				subject-1mc13	3	HLA-A2	EBV	BMLF1
CSVEDRAGWTQYF	TRBV	TRBJ				subject-1mc13	3	HLA-A2	EBV	BMLF1
CSVEGPAGGPYEQYF	TRBV	TRBJ				subject-1mc13	3	HLA-A2	EBV	BMLF1
CSVEPPETQYF	TRBV	TRBJ				subject-1mc13	3	HLA-A2	EBV	BMLF1
CSVEREGGYTF	TRBV	TRBJ				subject-1mc13	3	HLA-A2	EBV	BMLF1
CSVESVAENEQFF	TRBV	TRBJ				subject-1mc13	3	HLA-A2	EBV	BMLF1
CSVEVARAYEQYF	TRBV	TRBJ				subject-1mc13	3	HLA-A2	EBV	BMLF1
CSVGGRGDGYTF	TRBV	TRBJ				subject-1mc13	3	HLA-A2	EBV	BMLF1
CSVGGSFYGYTF	TRBV	TRBJ				subject-1mc13	3	HLA-A2	EBV	BMLF1
CSVGTSAYEQFF	TRBV	TRBJ				subject-1mc13	3	HLA-A2	EBV	BMLF1
CSVVVSSYEQYF	TRBV	TRBJ				subject-1mc13	3	HLA-A2	EBV	BMLF1
CANSPTSSTTSYEQYF	TRBV	TRBJ				subject-1mc4	3	HLA-A2	EBV	BMLF1
CANSQSPGGTQYF	TRBV	TRBJ				subject-1mc4	3	HLA-A2	EBV	BMLF1
CARSHSPGGTQYF	TRBV	TRBJ				subject-1mc4	3	HLA-A2	EBV	BMLF1
CARSQYPAGTQYF	TRBV	TRBJ				subject-1mc4	3	HLA-A2	EBV	BMLF1
CARSRGAVEQFF	TRBV	TRBJ				subject-1mc4	3	HLA-A2	EBV	BMLF1
CASCQSPGGTQYF	TRBV	TRBJ				subject-1mc4	3	HLA-A2	EBV	BMLF1
CASDRANEQFF	TRBV	TRBJ				subject-1mc4	3	HLA-A2	EBV	BMLF1
CASFGGGGRNTEAFF	TRBV	TRBJ				subject-1mc4	3	HLA-A2	EBV	BMLF1
CASGQGIAEAFF	TRBV	TRBJ				subject-1mc4	3	HLA-A2	EBV	BMLF1
CASGTGTGELFF	TRBV	TRBJ				subject-1mc4	3	HLA-A2	EBV	BMLF1
CASKDPGWFLAFF	TRBV	TRBJ				subject-1mc4	3	HLA-A2	EBV	BMLF1
CASMKYEAFF	TRBV	TRBJ				subject-1mc4	3	HLA-A2	EBV	BMLF1
CASNQSPGGTQYF	TRBV	TRBJ				subject-1mc4	3	HLA-A2	EBV	BMLF1
CASRLRRAGGDRELFF	TRBV	TRBJ				subject-1mc4	3	HLA-A2	EBV	BMLF1
CASRPRRAEGDRELFF	TRBV	TRBJ				subject-1mc4	3	HLA-A2	EBV	BMLF1
CASRPRRAGGDQELFF	TRBV	TRBJ				subject-1mc4	3	HLA-A2	EBV	BMLF1
CASRPRRAGGDRELFF	TRBV	TRBJ				subject-1mc4	3	HLA-A2	EBV	BMLF1
CASRPRRAGGDRELLF	TRBV	TRBJ				subject-1mc4	3	HLA-A2	EBV	BMLF1
CASRPRRAGGDRGLFF	TRBV	TRBJ				subject-1mc4	3	HLA-A2	EBV	BMLF1
CASRPRRAGGDRKLFF	TRBV	TRBJ				subject-1mc4	3	HLA-A2	EBV	BMLF1
CASRQSPGGTQYF	TRBV	TRBJ				subject-1mc4	3	HLA-A2	EBV	BMLF1
CASSAGTGGYEQYF	TRBV	TRBJ				subject-1mc4	3	HLA-A2	EBV	BMLF1
CASSDIYEQYF	TRBV	TRBJ				subject-1mc4	3	HLA-A2	EBV	BMLF1
CASSDSQNEQFF	TRBV	TRBJ				subject-1mc4	3	HLA-A2	EBV	BMLF1
CASSDSQNEQYF	TRBV	TRBJ				subject-1mc4	3	HLA-A2	EBV	BMLF1
CASSDSSTDTQYF	TRBV	TRBJ				subject-1mc4	3	HLA-A2	EBV	BMLF1
CASSEETGEGGHEQFF	TRBV	TRBJ				subject-1mc4	3	HLA-A2	EBV	BMLF1
CASSEETGEGGHEQYF	TRBV	TRBJ				subject-1mc4	3	HLA-A2	EBV	BMLF1
CASSEFFPSAPYEQYF	TRBV	TRBJ				subject-1mc4	3	HLA-A2	EBV	BMLF1
CASSEGQVAPGEQYF	TRBV	TRBJ				subject-1mc4	3	HLA-A2	EBV	BMLF1
CASSERQGADTQYF	TRBV	TRBJ				subject-1mc4	3	HLA-A2	EBV	BMLF1
CASSEVGSYNSPLHF	TRBV	TRBJ				subject-1mc4	3	HLA-A2	EBV	BMLF1
CASSEYPGYYGYTF	TRBV	TRBJ				subject-1mc4	3	HLA-A2	EBV	BMLF1
CASSFGTDRSGNTIYF	TRBV	TRBJ				subject-1mc4	3	HLA-A2	EBV	BMLF1
CASSFHRVMNTEAFF	TRBV	TRBJ				subject-1mc4	3	HLA-A2	EBV	BMLF1
CASSFNNEQFF	TRBV	TRBJ				subject-1mc4	3	HLA-A2	EBV	BMLF1
CASSFRWRERDTQYF	TRBV	TRBJ				subject-1mc4	3	HLA-A2	EBV	BMLF1
CASSFSGSTDTQYF	TRBV	TRBJ				subject-1mc4	3	HLA-A2	EBV	BMLF1
CASSGAGGGSPDTQYF	TRBV	TRBJ				subject-1mc4	3	HLA-A2	EBV	BMLF1
CASSGRQAYGYTF	TRBV	TRBJ				subject-1mc4	3	HLA-A2	EBV	BMLF1
CASSGWTGPNTEAFF	TRBV	TRBJ				subject-1mc4	3	HLA-A2	EBV	BMLF1
CASSHSPGGTQYF	TRBV	TRBJ				subject-1mc4	3	HLA-A2	EBV	BMLF1
CASSIDFTANTEAFF	TRBV	TRBJ				subject-1mc4	3	HLA-A2	EBV	BMLF1
CASSIDGTAYEQYF	TRBV	TRBJ				subject-1mc4	3	HLA-A2	EBV	BMLF1
CASSIDRVLGRTGELFF	TRBV	TRBJ				subject-1mc4	3	HLA-A2	EBV	BMLF1
CASSILAAGELFF	TRBV	TRBJ				subject-1mc4	3	HLA-A2	EBV	BMLF1
CASSILGNSPLHF	TRBV	TRBJ				subject-1mc4	3	HLA-A2	EBV	BMLF1
CASSISGPSNQPQHF	TRBV	TRBJ				subject-1mc4	3	HLA-A2	EBV	BMLF1
CASSKSSSSYEQYF	TRBV	TRBJ				subject-1mc4	3	HLA-A2	EBV	BMLF1
CASSLAIGELFF	TRBV	TRBJ				subject-1mc4	3	HLA-A2	EBV	BMLF1
CASSLAWGQLSGYTF	TRBV	TRBJ				subject-1mc4	3	HLA-A2	EBV	BMLF1
CASSLDGTGYNEQFF	TRBV	TRBJ				subject-1mc4	3	HLA-A2	EBV	BMLF1
CASSLEGTAWSDTQYF	TRBV	TRBJ				subject-1mc4	3	HLA-A2	EBV	BMLF1
CASSLEGTGYYEQYF	TRBV	TRBJ				subject-1mc4	3	HLA-A2	EBV	BMLF1
CASSLIGRGPNTGELFF	TRBV	TRBJ				subject-1mc4	3	HLA-A2	EBV	BMLF1
CASSLLGGSLYEQYF	TRBV	TRBJ				subject-1mc4	3	HLA-A2	EBV	BMLF1
CASSLLTLGGADTQYF	TRBV	TRBJ				subject-1mc4	3	HLA-A2	EBV	BMLF1
CASSLMGREPNTGELFF	TRBV	TRBJ				subject-1mc4	3	HLA-A2	EBV	BMLF1
CASSLMGRGPKTGELFF	TRBV	TRBJ				subject-1mc4	3	HLA-A2	EBV	BMLF1
CASSLMGRGPNNGELFF	TRBV	TRBJ				subject-1mc4	3	HLA-A2	EBV	BMLF1
CASSLMGRGPNTGELFF	TRBV	TRBJ				subject-1mc4	3	HLA-A2	EBV	BMLF1
CASSLMGRGPNTGELLF	TRBV	TRBJ				subject-1mc4	3	HLA-A2	EBV	BMLF1
CASSLMGRGPNTGELVF	TRBV	TRBJ				subject-1mc4	3	HLA-A2	EBV	BMLF1
CASSLMGRGPNTGEPFF	TRBV	TRBJ				subject-1mc4	3	HLA-A2	EBV	BMLF1
CASSLMGRGPNTGGLFF	TRBV	TRBJ				subject-1mc4	3	HLA-A2	EBV	BMLF1
CASSLMGRGPNTGVLFF	TRBV	TRBJ				subject-1mc4	3	HLA-A2	EBV	BMLF1
CASSLMGRGPSTGELFF	TRBV	TRBJ				subject-1mc4	3	HLA-A2	EBV	BMLF1
CASSLMTGRETQYF	TRBV	TRBJ				subject-1mc4	3	HLA-A2	EBV	BMLF1
CASSLQGYLLNQPQHF	TRBV	TRBJ				subject-1mc4	3	HLA-A2	EBV	BMLF1
CASSLRDGGLNYGYTF	TRBV	TRBJ				subject-1mc4	3	HLA-A2	EBV	BMLF1
CASSLRSGGLNYGYTF	TRBV	TRBJ				subject-1mc4	3	HLA-A2	EBV	BMLF1
CASSLSGQEIDTQHF	TRBV	TRBJ				subject-1mc4	3	HLA-A2	EBV	BMLF1
CASSLSGQETDTQYF	TRBV	TRBJ				subject-1mc4	3	HLA-A2	EBV	BMLF1
CASSLSGTGNTEAFF	TRBV	TRBJ				subject-1mc4	3	HLA-A2	EBV	BMLF1
CASSLTDPCEQYF	TRBV	TRBJ				subject-1mc4	3	HLA-A2	EBV	BMLF1
CASSLTDPHEQYF	TRBV	TRBJ				subject-1mc4	3	HLA-A2	EBV	BMLF1
CASSLTDPYEQFF	TRBV	TRBJ				subject-1mc4	3	HLA-A2	EBV	BMLF1
CASSLTDPYEQHF	TRBV	TRBJ				subject-1mc4	3	HLA-A2	EBV	BMLF1
CASSLTDPYEQNF	TRBV	TRBJ				subject-1mc4	3	HLA-A2	EBV	BMLF1
CASSLTDPYEQYF	TRBV	TRBJ				subject-1mc4	3	HLA-A2	EBV	BMLF1
CASSLTDPYEQYL	TRBV	TRBJ				subject-1mc4	3	HLA-A2	EBV	BMLF1
CASSLTDPYEQYS	TRBV	TRBJ				subject-1mc4	3	HLA-A2	EBV	BMLF1
CASSLTDSYEQYF	TRBV	TRBJ				subject-1mc4	3	HLA-A2	EBV	BMLF1
CASSLTGAGTDTQYF	TRBV	TRBJ				subject-1mc4	3	HLA-A2	EBV	BMLF1
CASSLTNPYEQYF	TRBV	TRBJ				subject-1mc4	3	HLA-A2	EBV	BMLF1
CASSLTRRGNQPQHF	TRBV	TRBJ				subject-1mc4	3	HLA-A2	EBV	BMLF1
CASSLVLQETQYF	TRBV	TRBJ				subject-1mc4	3	HLA-A2	EBV	BMLF1
CASSLWRLGKAYEQYF	TRBV	TRBJ				subject-1mc4	3	HLA-A2	EBV	BMLF1
CASSPDGRVEQYF	TRBV	TRBJ				subject-1mc4	3	HLA-A2	EBV	BMLF1
CASSPDRGNQPQHF	TRBV	TRBJ				subject-1mc4	3	HLA-A2	EBV	BMLF1
CASSPEGRAGLYNEQFF	TRBV	TRBJ				subject-1mc4	3	HLA-A2	EBV	BMLF1
CASSPEVTSGGHEQYF	TRBV	TRBJ				subject-1mc4	3	HLA-A2	EBV	BMLF1
CASSPGGLSRGEAFF	TRBV	TRBJ				subject-1mc4	3	HLA-A2	EBV	BMLF1
CASSPGTGTYNEQFF	TRBV	TRBJ				subject-1mc4	3	HLA-A2	EBV	BMLF1
CASSPGTVSSNQPQHF	TRBV	TRBJ				subject-1mc4	3	HLA-A2	EBV	BMLF1
CASSPILGVEQYF	TRBV	TRBJ				subject-1mc4	3	HLA-A2	EBV	BMLF1
CASSPLEYSYEQYF	TRBV	TRBJ				subject-1mc4	3	HLA-A2	EBV	BMLF1
CASSPLVRGRFSNQPQHF	TRBV	TRBJ				subject-1mc4	3	HLA-A2	EBV	BMLF1
CASSPLVWGRFSNQPQHF	TRBV	TRBJ				subject-1mc4	3	HLA-A2	EBV	BMLF1
CASSPPRRETTNEKLFF	TRBV	TRBJ				subject-1mc4	3	HLA-A2	EBV	BMLF1
CASSPQRGGPTDTQYF	TRBV	TRBJ				subject-1mc4	3	HLA-A2	EBV	BMLF1
CASSPTGTRSYGYTF	TRBV	TRBJ				subject-1mc4	3	HLA-A2	EBV	BMLF1
CASSPTSSTHSYEQYF	TRBV	TRBJ				subject-1mc4	3	HLA-A2	EBV	BMLF1
CASSPTSSTPSYAQYF	TRBV	TRBJ				subject-1mc4	3	HLA-A2	EBV	BMLF1
CASSPTSSTTSYEQHF	TRBV	TRBJ				subject-1mc4	3	HLA-A2	EBV	BMLF1
CASSPTSSTTSYEQYF	TRBV	TRBJ				subject-1mc4	3	HLA-A2	EBV	BMLF1
CASSPWGGGTEAFF	TRBV	TRBJ				subject-1mc4	3	HLA-A2	EBV	BMLF1
CASSQAFRGGYEQYF	TRBV	TRBJ				subject-1mc4	3	HLA-A2	EBV	BMLF1
CASSQDFQGGYEQYF	TRBV	TRBJ				subject-1mc4	3	HLA-A2	EBV	BMLF1
CASSQDFRGGYAQYF	TRBV	TRBJ				subject-1mc4	3	HLA-A2	EBV	BMLF1
CASSQDFRGGYEQDF	TRBV	TRBJ				subject-1mc4	3	HLA-A2	EBV	BMLF1
CASSQDFRGGYEQHF	TRBV	TRBJ				subject-1mc4	3	HLA-A2	EBV	BMLF1
CASSQDFRGGYEQYF	TRBV	TRBJ				subject-1mc4	3	HLA-A2	EBV	BMLF1
CASSQDFRGGYEQYL	TRBV	TRBJ				subject-1mc4	3	HLA-A2	EBV	BMLF1
CASSQDFRGGYEQYS	TRBV	TRBJ				subject-1mc4	3	HLA-A2	EBV	BMLF1
CASSQDSGNNEQFF	TRBV	TRBJ				subject-1mc4	3	HLA-A2	EBV	BMLF1
CASSQEGPPGRNYEQYF	TRBV	TRBJ				subject-1mc4	3	HLA-A2	EBV	BMLF1
CASSQFPGGTQYF	TRBV	TRBJ				subject-1mc4	3	HLA-A2	EBV	BMLF1
CASSQGAGELFF	TRBV	TRBJ				subject-1mc4	3	HLA-A2	EBV	BMLF1
CASSQGHGPFNQPQHF	TRBV	TRBJ				subject-1mc4	3	HLA-A2	EBV	BMLF1
CASSQGHGPFNQPQRF	TRBV	TRBJ				subject-1mc4	3	HLA-A2	EBV	BMLF1
CASSQGVLTEAFF	TRBV	TRBJ				subject-1mc4	3	HLA-A2	EBV	BMLF1
CASSQIGGSDYGYTF	TRBV	TRBJ				subject-1mc4	3	HLA-A2	EBV	BMLF1
CASSQLAQGRGAYNEQFF	TRBV	TRBJ				subject-1mc4	3	HLA-A2	EBV	BMLF1
CASSQLIPGLLYGYAF	TRBV	TRBJ				subject-1mc4	3	HLA-A2	EBV	BMLF1
CASSQLIPGLLYGYTF	TRBV	TRBJ				subject-1mc4	3	HLA-A2	EBV	BMLF1
CASSQLIPGLLYGYTL	TRBV	TRBJ				subject-1mc4	3	HLA-A2	EBV	BMLF1
CASSQLIPGLLYGYTY	TRBV	TRBJ				subject-1mc4	3	HLA-A2	EBV	BMLF1
CASSQPPGGTQYF	TRBV	TRBJ				subject-1mc4	3	HLA-A2	EBV	BMLF1
CASSQQLRVINTEAFF	TRBV	TRBJ				subject-1mc4	3	HLA-A2	EBV	BMLF1
CASSQSLGGTQYF	TRBV	TRBJ				subject-1mc4	3	HLA-A2	EBV	BMLF1
CASSQSPDGTQYF	TRBV	TRBJ				subject-1mc4	3	HLA-A2	EBV	BMLF1
CASSQSPGDTQYF	TRBV	TRBJ				subject-1mc4	3	HLA-A2	EBV	BMLF1
CASSQSPGGAQYF	TRBV	TRBJ				subject-1mc4	3	HLA-A2	EBV	BMLF1
CASSQSPGGFQFF	TRBV	TRBJ				subject-1mc4	3	HLA-A2	EBV	BMLF1
CASSQSPGGKQYF	TRBV	TRBJ				subject-1mc4	3	HLA-A2	EBV	BMLF1
CASSQSPGGMQYF	TRBV	TRBJ				subject-1mc4	3	HLA-A2	EBV	BMLF1
CASSQSPGGPQYF	TRBV	TRBJ				subject-1mc4	3	HLA-A2	EBV	BMLF1
CASSQSPGGTPYF	TRBV	TRBJ				subject-1mc4	3	HLA-A2	EBV	BMLF1
CASSQSPGGTQHF	TRBV	TRBJ				subject-1mc4	3	HLA-A2	EBV	BMLF1
CASSQSPGGTQNF	TRBV	TRBJ				subject-1mc4	3	HLA-A2	EBV	BMLF1
CASSQSPGGTQSF	TRBV	TRBJ				subject-1mc4	3	HLA-A2	EBV	BMLF1
CASSQSPGGTQYF	TRBV	TRBJ				subject-1mc4	3	HLA-A2	EBV	BMLF1
CASSQSPGGTQYL	TRBV	TRBJ				subject-1mc4	3	HLA-A2	EBV	BMLF1
CASSQSPGGTQYS	TRBV	TRBJ				subject-1mc4	3	HLA-A2	EBV	BMLF1
CASSQSPGGTRYF	TRBV	TRBJ				subject-1mc4	3	HLA-A2	EBV	BMLF1
CASSQSPGSTQYF	TRBV	TRBJ				subject-1mc4	3	HLA-A2	EBV	BMLF1
CASSQSPSGTQYF	TRBV	TRBJ				subject-1mc4	3	HLA-A2	EBV	BMLF1
CASSQSPVGTQYF	TRBV	TRBJ				subject-1mc4	3	HLA-A2	EBV	BMLF1
CASSQSSGGTQYF	TRBV	TRBJ				subject-1mc4	3	HLA-A2	EBV	BMLF1
CASSRGHALDQPQHF	TRBV	TRBJ				subject-1mc4	3	HLA-A2	EBV	BMLF1
CASSRQAPWGRDTEAFF	TRBV	TRBJ				subject-1mc4	3	HLA-A2	EBV	BMLF1
CASSSGAGEANEQFF	TRBV	TRBJ				subject-1mc4	3	HLA-A2	EBV	BMLF1
CASSSGAGEANEQYF	TRBV	TRBJ				subject-1mc4	3	HLA-A2	EBV	BMLF1
CASSSGNNEQFF	TRBV	TRBJ				subject-1mc4	3	HLA-A2	EBV	BMLF1
CASSSGRASGANVLTF	TRBV	TRBJ				subject-1mc4	3	HLA-A2	EBV	BMLF1
CASSSGRDSAANVLTF	TRBV	TRBJ				subject-1mc4	3	HLA-A2	EBV	BMLF1
CASSSGRDSGANVLTF	TRBV	TRBJ				subject-1mc4	3	HLA-A2	EBV	BMLF1
CASSSGRDSGANVLTL	TRBV	TRBJ				subject-1mc4	3	HLA-A2	EBV	BMLF1
CASSSKTGAYEQYF	TRBV	TRBJ				subject-1mc4	3	HLA-A2	EBV	BMLF1
CASSSPARAYGYTF	TRBV	TRBJ				subject-1mc4	3	HLA-A2	EBV	BMLF1
CASSSTGAGTDTQYF	TRBV	TRBJ				subject-1mc4	3	HLA-A2	EBV	BMLF1
CASSSTGEGTDTQDF	TRBV	TRBJ				subject-1mc4	3	HLA-A2	EBV	BMLF1
CASSSTSSTTSYEQYF	TRBV	TRBJ				subject-1mc4	3	HLA-A2	EBV	BMLF1
CASSTGLAGGLETQYF	TRBV	TRBJ				subject-1mc4	3	HLA-A2	EBV	BMLF1
CASSTTSSTTSYEQYF	TRBV	TRBJ				subject-1mc4	3	HLA-A2	EBV	BMLF1
CASSYGGRGYTF	TRBV	TRBJ				subject-1mc4	3	HLA-A2	EBV	BMLF1
CASSYLLSYEQYF	TRBV	TRBJ				subject-1mc4	3	HLA-A2	EBV	BMLF1
CASSYPLGLGGTEAFF	TRBV	TRBJ				subject-1mc4	3	HLA-A2	EBV	BMLF1
CASSYRDGKGNTIYF	TRBV	TRBJ				subject-1mc4	3	HLA-A2	EBV	BMLF1
CASSYSSLAGLNTEAFF	TRBV	TRBJ				subject-1mc4	3	HLA-A2	EBV	BMLF1
CASSYYDGYGYTF	TRBV	TRBJ				subject-1mc4	3	HLA-A2	EBV	BMLF1
CASTEGTVAPGTQYF	TRBV	TRBJ				subject-1mc4	3	HLA-A2	EBV	BMLF1
CASTPALGAKQYF	TRBV	TRBJ				subject-1mc4	3	HLA-A2	EBV	BMLF1
CASTPVTRGFEKLFF	TRBV	TRBJ				subject-1mc4	3	HLA-A2	EBV	BMLF1
CATGTSRVYEQYF	TRBV	TRBJ				subject-1mc4	3	HLA-A2	EBV	BMLF1
CATRQGNQPQHF	TRBV	TRBJ				subject-1mc4	3	HLA-A2	EBV	BMLF1
CATSDPGTTLQYF	TRBV	TRBJ				subject-1mc4	3	HLA-A2	EBV	BMLF1
CATSRDGSGGASGELFF	TRBV	TRBJ				subject-1mc4	3	HLA-A2	EBV	BMLF1
CATSRERGGGGETQYF	TRBV	TRBJ				subject-1mc4	3	HLA-A2	EBV	BMLF1
CATSRTEGLSEQYF	TRBV	TRBJ				subject-1mc4	3	HLA-A2	EBV	BMLF1
CATSRVKAFRDTQYF	TRBV	TRBJ				subject-1mc4	3	HLA-A2	EBV	BMLF1
CATSSASGRGSDTQYF	TRBV	TRBJ				subject-1mc4	3	HLA-A2	EBV	BMLF1
CATSSASGSGSDTQYF	TRBV	TRBJ				subject-1mc4	3	HLA-A2	EBV	BMLF1
CATSSASGSTDTQYF	TRBV	TRBJ				subject-1mc4	3	HLA-A2	EBV	BMLF1
CATSSPQRGGPTDTQYF	TRBV	TRBJ				subject-1mc4	3	HLA-A2	EBV	BMLF1
CATSYGTGEEEAFF	TRBV	TRBJ				subject-1mc4	3	HLA-A2	EBV	BMLF1
CATVVLLLARGEEGTDTQYF	TRBV	TRBJ				subject-1mc4	3	HLA-A2	EBV	BMLF1
CAWIPTERQTYGYTF	TRBV	TRBJ				subject-1mc4	3	HLA-A2	EBV	BMLF1
CAWSPIAGGRNEQFF	TRBV	TRBJ				subject-1mc4	3	HLA-A2	EBV	BMLF1
CAWSRAAVEQFF	TRBV	TRBJ				subject-1mc4	3	HLA-A2	EBV	BMLF1
CAWSRGAAEQFF	TRBV	TRBJ				subject-1mc4	3	HLA-A2	EBV	BMLF1
CAWSRGAVEPFF	TRBV	TRBJ				subject-1mc4	3	HLA-A2	EBV	BMLF1
CAWSRGAVEQFF	TRBV	TRBJ				subject-1mc4	3	HLA-A2	EBV	BMLF1
CAWSRGAVEQFL	TRBV	TRBJ				subject-1mc4	3	HLA-A2	EBV	BMLF1
CAWSRGAVEQLF	TRBV	TRBJ				subject-1mc4	3	HLA-A2	EBV	BMLF1
CAWSRGAVEQVF	TRBV	TRBJ				subject-1mc4	3	HLA-A2	EBV	BMLF1
CAWSRGAVEQYF	TRBV	TRBJ				subject-1mc4	3	HLA-A2	EBV	BMLF1
CAWSRRAVEQFF	TRBV	TRBJ				subject-1mc4	3	HLA-A2	EBV	BMLF1
CAWSTVTYEQYF	TRBV	TRBJ				subject-1mc4	3	HLA-A2	EBV	BMLF1
CAWSVIGPYEPYF	TRBV	TRBJ				subject-1mc4	3	HLA-A2	EBV	BMLF1
CAWSVIGPYEQYF	TRBV	TRBJ				subject-1mc4	3	HLA-A2	EBV	BMLF1
CAWTLAGRDNGELFF	TRBV	TRBJ				subject-1mc4	3	HLA-A2	EBV	BMLF1
CAWTLAGRDTGELFF	TRBV	TRBJ				subject-1mc4	3	HLA-A2	EBV	BMLF1
CAWTLAGRETGELFF	TRBV	TRBJ				subject-1mc4	3	HLA-A2	EBV	BMLF1
CNARGQAITEKLFF	TRBV	TRBJ				subject-1mc4	3	HLA-A2	EBV	BMLF1
CRARGQAITEKLFF	TRBV	TRBJ				subject-1mc4	3	HLA-A2	EBV	BMLF1
CRVDGFRTENNQPQHF	TRBV	TRBJ				subject-1mc4	3	HLA-A2	EBV	BMLF1
CSADPGLGGTDTQYF	TRBV	TRBJ				subject-1mc4	3	HLA-A2	EBV	BMLF1
CSAFLSTFFTEAFF	TRBV	TRBJ				subject-1mc4	3	HLA-A2	EBV	BMLF1
CSAKGQAITEKLFF	TRBV	TRBJ				subject-1mc4	3	HLA-A2	EBV	BMLF1
CSARAGADTEAFF	TRBV	TRBJ				subject-1mc4	3	HLA-A2	EBV	BMLF1
CSARAGVGNTIYF	TRBV	TRBJ				subject-1mc4	3	HLA-A2	EBV	BMLF1
CSARDKTGNGYTF	TRBV	TRBJ				subject-1mc4	3	HLA-A2	EBV	BMLF1
CSARDRDRSLATEAFF	TRBV	TRBJ				subject-1mc4	3	HLA-A2	EBV	BMLF1
CSARDRGIGNTIYF	TRBV	TRBJ				subject-1mc4	3	HLA-A2	EBV	BMLF1
CSARDRVGNGYTF	TRBV	TRBJ				subject-1mc4	3	HLA-A2	EBV	BMLF1
CSARDRVGNTIYF	TRBV	TRBJ				subject-1mc4	3	HLA-A2	EBV	BMLF1
CSARDSVGNGYTF	TRBV	TRBJ				subject-1mc4	3	HLA-A2	EBV	BMLF1
CSARDTGLDTGELFF	TRBV	TRBJ				subject-1mc4	3	HLA-A2	EBV	BMLF1
CSAREQAITEKLFF	TRBV	TRBJ				subject-1mc4	3	HLA-A2	EBV	BMLF1
CSARFPPGNTIYF	TRBV	TRBJ				subject-1mc4	3	HLA-A2	EBV	BMLF1
CSARGGPGEVGNTIYF	TRBV	TRBJ				subject-1mc4	3	HLA-A2	EBV	BMLF1
CSARGQAITAKLFF	TRBV	TRBJ				subject-1mc4	3	HLA-A2	EBV	BMLF1
CSARGQAITDKLFF	TRBV	TRBJ				subject-1mc4	3	HLA-A2	EBV	BMLF1
CSARGQAITEKLCF	TRBV	TRBJ				subject-1mc4	3	HLA-A2	EBV	BMLF1
CSARGQAITEKLFC	TRBV	TRBJ				subject-1mc4	3	HLA-A2	EBV	BMLF1
CSARGQAITEKLFF	TRBV	TRBJ				subject-1mc4	3	HLA-A2	EBV	BMLF1
CSARGQAITEKLFL	TRBV	TRBJ				subject-1mc4	3	HLA-A2	EBV	BMLF1
CSARGQAITEKLFS	TRBV	TRBJ				subject-1mc4	3	HLA-A2	EBV	BMLF1
CSARGQAITEKLFV	TRBV	TRBJ				subject-1mc4	3	HLA-A2	EBV	BMLF1
CSARGQAITEKLLF	TRBV	TRBJ				subject-1mc4	3	HLA-A2	EBV	BMLF1
CSARGQAITEKLSF	TRBV	TRBJ				subject-1mc4	3	HLA-A2	EBV	BMLF1
CSARGQAITEKPFF	TRBV	TRBJ				subject-1mc4	3	HLA-A2	EBV	BMLF1
CSARGQAITEKRFF	TRBV	TRBJ				subject-1mc4	3	HLA-A2	EBV	BMLF1
CSARGQAITENLFF	TRBV	TRBJ				subject-1mc4	3	HLA-A2	EBV	BMLF1
CSARGQAITEQLFF	TRBV	TRBJ				subject-1mc4	3	HLA-A2	EBV	BMLF1
CSARGQATTEKLFF	TRBV	TRBJ				subject-1mc4	3	HLA-A2	EBV	BMLF1
CSARGQDITEKLFF	TRBV	TRBJ				subject-1mc4	3	HLA-A2	EBV	BMLF1
CSARGQTITEKLFF	TRBV	TRBJ				subject-1mc4	3	HLA-A2	EBV	BMLF1
CSARIGVGNGYTF	TRBV	TRBJ				subject-1mc4	3	HLA-A2	EBV	BMLF1
CSARLIAGPTSYEQYF	TRBV	TRBJ				subject-1mc4	3	HLA-A2	EBV	BMLF1
CSARSGVGNTIYF	TRBV	TRBJ				subject-1mc4	3	HLA-A2	EBV	BMLF1
CSARSRPVGNTIYF	TRBV	TRBJ				subject-1mc4	3	HLA-A2	EBV	BMLF1
CSARTGVGNTIYF	TRBV	TRBJ				subject-1mc4	3	HLA-A2	EBV	BMLF1
CSARVGVGNTIYF	TRBV	TRBJ				subject-1mc4	3	HLA-A2	EBV	BMLF1
CSASEGYGYTF	TRBV	TRBJ				subject-1mc4	3	HLA-A2	EBV	BMLF1
CSASPISPTGAYEQYF	TRBV	TRBJ				subject-1mc4	3	HLA-A2	EBV	BMLF1
CSATWGEGSSPLHF	TRBV	TRBJ				subject-1mc4	3	HLA-A2	EBV	BMLF1
CSGMRLLFFSYEQYF	TRBV	TRBJ				subject-1mc4	3	HLA-A2	EBV	BMLF1
CSGMRLLFSSYEQYF	TRBV	TRBJ				subject-1mc4	3	HLA-A2	EBV	BMLF1
CSTRGQAITEKLFF	TRBV	TRBJ				subject-1mc4	3	HLA-A2	EBV	BMLF1
CSVDGTNTGELFF	TRBV	TRBJ				subject-1mc4	3	HLA-A2	EBV	BMLF1
CSVEDAGGNQPQHF	TRBV	TRBJ				subject-1mc4	3	HLA-A2	EBV	BMLF1
CSVEDFYNEQFF	TRBV	TRBJ				subject-1mc4	3	HLA-A2	EBV	BMLF1
CSVEDFYNEQFL	TRBV	TRBJ				subject-1mc4	3	HLA-A2	EBV	BMLF1
CSVEDFYNEQFS	TRBV	TRBJ				subject-1mc4	3	HLA-A2	EBV	BMLF1
CSVEDFYNEQLF	TRBV	TRBJ				subject-1mc4	3	HLA-A2	EBV	BMLF1
CSVEDFYNEQSF	TRBV	TRBJ				subject-1mc4	3	HLA-A2	EBV	BMLF1
CSVEGFQTENNQPQHF	TRBV	TRBJ				subject-1mc4	3	HLA-A2	EBV	BMLF1
CSVEGFRTEKNQPQHF	TRBV	TRBJ				subject-1mc4	3	HLA-A2	EBV	BMLF1
CSVEGFRTENKQPQHF	TRBV	TRBJ				subject-1mc4	3	HLA-A2	EBV	BMLF1
CSVEGFRTENNQPQHC	TRBV	TRBJ				subject-1mc4	3	HLA-A2	EBV	BMLF1
CSVEGFRTENNQPQHF	TRBV	TRBJ				subject-1mc4	3	HLA-A2	EBV	BMLF1
CSVEGFRTENNQPQHL	TRBV	TRBJ				subject-1mc4	3	HLA-A2	EBV	BMLF1
CSVEGFRTENNQPQHV	TRBV	TRBJ				subject-1mc4	3	HLA-A2	EBV	BMLF1
CSVEGSRTENNQPQHF	TRBV	TRBJ				subject-1mc4	3	HLA-A2	EBV	BMLF1
CSVESLGAPKSSGNTIYF	TRBV	TRBJ				subject-1mc4	3	HLA-A2	EBV	BMLF1
CSVGAGGTNEKLFF	TRBV	TRBJ				subject-1mc4	3	HLA-A2	EBV	BMLF1
CSVGGSFYGYTF	TRBV	TRBJ				subject-1mc4	3	HLA-A2	EBV	BMLF1
CSVGQGGTNEKLFF	TRBV	TRBJ				subject-1mc4	3	HLA-A2	EBV	BMLF1
CSVGSGGTNEKLFF	TRBV	TRBJ				subject-1mc4	3	HLA-A2	EBV	BMLF1
CSVGTGGTNEKLFF	TRBV	TRBJ				subject-1mc4	3	HLA-A2	EBV	BMLF1
CTSSQSPGGTQYF	TRBV	TRBJ				subject-1mc4	3	HLA-A2	EBV	BMLF1
CASSLAGGSNQPQHF	TRBV	TRBJ				subject-2031	3	HLA-A2	flu	M1
CASSLAPLSTDTQYF	TRBV	TRBJ				subject-2031	3	HLA-A2	flu	M1
CASSLEGETQYF	TRBV	TRBJ				subject-2031	3	HLA-A2	flu	M1
CASSLIKVQPQHF	TRBV	TRBJ				subject-2031	3	HLA-A2	flu	M1
CASSLVSAHEQYF	TRBV	TRBJ				subject-2031	3	HLA-A2	flu	M1
CASSPLDTKQQFF	TRBV	TRBJ				subject-2031	3	HLA-A2	flu	M1
CASSQGVSGVYEQYF	TRBV	TRBJ				subject-2031	3	HLA-A2	flu	M1
CAWSVLPEAFF	TRBV	TRBJ				subject-2031	3	HLA-A2	flu	M1
CASSARQGIDTGELFF	TRBV	TRBJ				subject-2036	3	HLA-B7	CMV	pp65
CASSFRDRGHYEQYF	TRBV	TRBJ				subject-2036	3	HLA-B7	CMV	pp65
CASSLIGIGETDTQYF	TRBV	TRBJ				subject-2036	3	HLA-B7	CMV	pp65
CASSTHDRDGGGSAQHF	TRBV	TRBJ				subject-2036	3	HLA-B7	CMV	pp65
CSGRSKGAVNEKLFF	TRBV	TRBJ				subject-2036	3	HLA-B7	CMV	pp65
CASSLIGVSSYNEQFF	TRBV	TRBJ				subject-2350	3	HLA-B7	CMV	pp65
CASSFGTGWSDEQFF	TRBV	TRBJ				subject-2350	3	HLA-B7	flu	NP177
CASSGEEYEQYF	TRBV	TRBJ				subject-2350	3	HLA-B7	flu	NP177
CASSHRDLGYEQYF	TRBV	TRBJ				subject-2350	3	HLA-B7	flu	NP177
CASSLAGQGSPYEQYF	TRBV	TRBJ				subject-2350	3	HLA-B7	flu	NP177
CASSLAIASYNEQFF	TRBV	TRBJ				subject-2350	3	HLA-B7	flu	NP177
CASSLGAGGTDTQYF	TRBV	TRBJ				subject-2350	3	HLA-B7	flu	NP177
CASSLGQGLAEETQYF	TRBV	TRBJ				subject-2350	3	HLA-B7	flu	NP177
CASSLGTILHF	TRBV	TRBJ				subject-2350	3	HLA-B7	flu	NP177
CASSLISSDTQYF	TRBV	TRBJ				subject-2350	3	HLA-B7	flu	NP177
CASSLLEIHEQYF	TRBV	TRBJ				subject-2350	3	HLA-B7	flu	NP177
CASSLLTGNTEAFF	TRBV	TRBJ				subject-2350	3	HLA-B7	flu	NP177
CASSLRGHSYEQYF	TRBV	TRBJ				subject-2350	3	HLA-B7	flu	NP177
CASSLVGAGGSYEQYF	TRBV	TRBJ				subject-2350	3	HLA-B7	flu	NP177
CASSQDLGEQYF	TRBV	TRBJ				subject-2350	3	HLA-B7	flu	NP177
CASSQVGKQMNTEAFF	TRBV	TRBJ				subject-2350	3	HLA-B7	flu	NP177
CASSSAGGRTDTQYF	TRBV	TRBJ				subject-2350	3	HLA-B7	flu	NP177
CASSSGRVYEQYF	TRBV	TRBJ				subject-2350	3	HLA-B7	flu	NP177
CASSTGLTEAFF	TRBV	TRBJ				subject-2350	3	HLA-B7	flu	NP177
CASSYLQGFNSPLHF	TRBV	TRBJ				subject-2350	3	HLA-B7	flu	NP177
CASSYREKADTQYF	TRBV	TRBJ				subject-2350	3	HLA-B7	flu	NP177
CAWASNPDEQFF	TRBV	TRBJ				subject-2350	3	HLA-B7	flu	NP177
CAWQDRWASHNEQFF	TRBV	TRBJ				subject-2350	3	HLA-B7	flu	NP177
CAWSGGQNEQFF	TRBV	TRBJ				subject-2350	3	HLA-B7	flu	NP177
CAWSSGRPHSNYEQYF	TRBV	TRBJ				subject-2350	3	HLA-B7	flu	NP177
CAWSVGGGLETQYF	TRBV	TRBJ				subject-2350	3	HLA-B7	flu	NP177
CAWSVVGNEQFF	TRBV	TRBJ				subject-2350	3	HLA-B7	flu	NP177
CAYRQAGELFF	TRBV	TRBJ				subject-2350	3	HLA-B7	flu	NP177
CSARDLLGTSETQYF	TRBV	TRBJ				subject-2350	3	HLA-B7	flu	NP177
CASSLAGQGSPYEQYF	TRBV	TRBJ				subject-2351	3	HLA-B7	flu	NP177
CASSLIGVSSYNEQFF	TRBV	TRBJ				subject-2351	3	HLA-B7	flu	NP177
CASSSGTSVNDEQFF	TRBV	TRBJ				subject-2351	3	HLA-B7	flu	NP177
CAWSDRGLVDTQYF	TRBV	TRBJ				subject-2351	3	HLA-B7	flu	NP177
CAWSGDGGTEAFF	TRBV	TRBJ				subject-2351	3	HLA-B7	flu	NP177
CGLITGATEAFF	TRBV	TRBJ				subject-2385	3	HLA-B7	CMV	pp65
CASSGDHSYEQYF	TRBV	TRBJ				subject-2385	3	HLA-B7	flu	NP177
CASSHSYSGLAAQETQYF	TRBV	TRBJ				subject-2385	3	HLA-B7	flu	NP177
CSAISGSGGVGDTQYF	TRBV	TRBJ				subject-2387	3	HLA-A2	flu	M1
CASSQERGGKWAYEQYF	TRBV	TRBJ				subject-2392	3	HLA-A2	flu	M1
CASSPLDTKQQFF	TRBV	TRBJ				subject-2394	3	HLA-A2	flu	M1
CASSPGTGTYGYTF	TRBV	TRBJ				subject-2627	3	HLA-A1	CMV	pp50
CASSVGQGVTYEQYF	TRBV	TRBJ				subject-2627	3	HLA-A1	CMV	pp50
CASSVRGQGNYGYTF	TRBV	TRBJ				subject-2627	3	HLA-A1	CMV	pp50
CASSVRQGVTYEQYF	TRBV	TRBJ				subject-2627	3	HLA-A1	CMV	pp50
CASSVVHGVTYEQYF	TRBV	TRBJ				subject-2627	3	HLA-A1	CMV	pp50
CAISVGVDEQFF	TRBV	TRBJ				subject-2627	3	HLA-A1	flu	NP44
CASIDSGAATDTQYF	TRBV	TRBJ				subject-2627	3	HLA-A1	flu	NP44
CASSAGTGKTQYF	TRBV	TRBJ				subject-2627	3	HLA-A1	flu	NP44
CASSEDRLARTEAFF	TRBV	TRBJ				subject-2627	3	HLA-A1	flu	NP44
CASSFEGLLSTDTQYF	TRBV	TRBJ				subject-2627	3	HLA-A1	flu	NP44
CASSFRQGSDTGELFF	TRBV	TRBJ				subject-2627	3	HLA-A1	flu	NP44
CASSLALRQESREQYF	TRBV	TRBJ				subject-2627	3	HLA-A1	flu	NP44
CASSLGRQGPSTDTQYF	TRBV	TRBJ				subject-2627	3	HLA-A1	flu	NP44
CASSLTGFKETQYF	TRBV	TRBJ				subject-2627	3	HLA-A1	flu	NP44
CASSQGEGQFF	TRBV	TRBJ				subject-2627	3	HLA-A1	flu	NP44
CASSQGRASSGNTIYF	TRBV	TRBJ				subject-2627	3	HLA-A1	flu	NP44
CASSYGTIYEQYF	TRBV	TRBJ				subject-2627	3	HLA-A1	flu	NP44
CASSYSGDEKLFF	TRBV	TRBJ				subject-2627	3	HLA-A1	flu	NP44
CASTGGNEQFF	TRBV	TRBJ				subject-2627	3	HLA-A1	flu	NP44
CATSRERWGEYEQYF	TRBV	TRBJ				subject-2627	3	HLA-A1	flu	NP44
CASSLERSRRPYEAFF	TRBV	TRBJ				subject-3006	3	HLA-A1	flu	NP44
CASSPGLAGVYEQYF	TRBV	TRBJ				subject-3006	3	HLA-A1	flu	NP44
CASRLAGGGGEQFF	TRBV	TRBJ				subject-3019	3	HLA-A1	CMV	pp50
CATSSLSGRVTGELFF	TRBV	TRBJ				subject-3019	3	HLA-A1	CMV	pp50
CSVRTGGLGANVLTF	TRBV	TRBJ				subject-3019	3	HLA-A1	CMV	pp50
CASSYSSSSYNEQFF	TRBV	TRBJ				subject-3019	3	HLA-A1	flu	NP44
CASSKENNNRPYEQYF	TRBV	TRBJ				subject-3183	3	HLA-A1	CMV	pp50
CASSQDRVGTIFYGYTF	TRBV	TRBJ				subject-3183	3	HLA-A1	CMV	pp50
CASSQERGGKWAYEQYF	TRBV	TRBJ				subject-3183	3	HLA-A1	CMV	pp50
CASSQQGPEQFF	TRBV	TRBJ				subject-3183	3	HLA-A1	CMV	pp50
CASSVGQGKTYEQYF	TRBV	TRBJ				subject-3183	3	HLA-A1	CMV	pp50
CATHRAGGFNEQFF	TRBV	TRBJ				subject-3183	3	HLA-A1	CMV	pp50
CACSLRSQGTDTQYF	TRBV	TRBJ						HLA-A2	CMV	pp65
CASSAWDRSSGANVLTF	TRBV	TRBJ						HLA-A2	CMV	pp65
CASSELGGAGTGELFF	TRBV	TRBJ						HLA-A2	CMV	pp65
CASSETGATNYGYTGF	TRBV	TRBJ						HLA-A2	CMV	pp65
CASSFLQVTEAFF	TRBV	TRBJ						HLA-A2	CMV	pp65
CASSFQGYTEAFF	TRBV	TRBJ						HLA-A2	CMV	pp65
CASSFQTGASYGYTF	TRBV	TRBJ						HLA-A2	CMV	pp65
CASSLAPGATNEKLFF	TRBV	TRBJ						HLA-A2	CMV	pp65
CASSLEGYTEAFF	TRBV	TRBJ						HLA-A2	CMV	pp65
CASSLFVGGPGNEQFF	TRBV	TRBJ						HLA-A2	CMV	pp65
CASSLQTGATFNYGYTF	TRBV	TRBJ						HLA-A2	CMV	pp65
CASSPKLQGAWAEKLFF	TRBV	TRBJ						HLA-A2	CMV	pp65
CASSPPAGSYNEQFF	TRBV	TRBJ						HLA-A2	CMV	pp65
CASSPQTGTIYGYTGF	TRBV	TRBJ						HLA-A2	CMV	pp65
CASSPVAGGAYNEQFF	TRBV	TRBJ						HLA-A2	CMV	pp65
CASSPVTGGIYGYTGF	TRBV	TRBJ						HLA-A2	CMV	pp65
CASSPWTGTLNTEAFF	TRBV	TRBJ						HLA-A2	CMV	pp65
CASSQDPFAVLNTEAFF	TRBV	TRBJ						HLA-A2	CMV	pp65
CASSSAFYGYTF	TRBV	TRBJ						HLA-A2	CMV	pp65
CASSSAHYGYTF	TRBV	TRBJ						HLA-A2	CMV	pp65
CASSSANYGYTF	TRBV	TRBJ						HLA-A2	CMV	pp65
CASSVGLPYEQYF	TRBV	TRBJ						HLA-A2	CMV	pp65
CASSYQTGAGGYGYTGF	TRBV	TRBJ						HLA-A2	CMV	pp65
CASSYSTGAGETQYF	TRBV	TRBJ						HLA-A2	CMV	pp65
CASSYVTGTGSYGYTG	TRBV	TRBJ						HLA-A2	CMV	pp65
CASTGTSGALYNEQFF	TRBV	TRBJ						HLA-A2	CMV	pp65
CATSDLKVHSGNYGYTF	TRBV	TRBJ						HLA-A2	CMV	pp65
CAWSSRDSMTDTQYF	TRBV	TRBJ						HLA-A2	CMV	pp65
CAWSSRGQMTDTQYF	TRBV	TRBJ						HLA-A2	CMV	pp65
CAWSVSDLAKNIQYF	TRBV	TRBJ						HLA-A2	CMV	pp65
CSAFSGAAFVTDTQYF	TRBV	TRBJ						HLA-A2	CMV	pp65
CASSEGRVSPGELFF	TRBV	TRBJ						HLA-A2	EBV	BMLF1
CSARDGTGNGYTF	TRBV	TRBJ						HLA-A2	EBV	BMLF1
CSARDQTGNGYTF	TRBV	TRBJ						HLA-A2	EBV	BMLF1
CSARDRIGNGYTF	TRBV	TRBJ						HLA-A2	EBV	BMLF1
CSARDRTGNGYTF	TRBV	TRBJ						HLA-A2	EBV	BMLF1
CSARDRVGNTIYF	TRBV	TRBJ						HLA-A2	EBV	BMLF1
CSARIGVGNTIYF	TRBV	TRBJ						HLA-A2	EBV	BMLF1
CSARSGVGNTIYF	TRBV	TRBJ						HLA-A2	EBV	BMLF1
CSARVGVGNTIYF	TRBV	TRBJ						HLA-A2	EBV	BMLF1
CSSQEGGYGYTF	TRBV	TRBJ						HLA-A2	EBV	BMLF1
CSVGTGGTNEKLFF	TRBV	TRBJ						HLA-A2	EBV	BMLF1
CSARAGVGNTIYF	TRBV	TRBJ				1JI-2000b		HLA-A2	EBV	BMLF1
CSVRGQGDEQFF	TRBV	TRBJ				1JI-2000b		HLA-A2	EBV	BMLF1
CASSSGELSAGELFF	TRBV	TRBJ				2JI-2000b		HLA-A2	EBV	BMLF1
CSVGSGGTNEKLFF	TRBV	TRBJ				2JI-2000b		HLA-A2	EBV	BMLF1
CSVGTGGTNEKLFF	TRBV	TRBJ				2JI-2000b		HLA-A2	EBV	BMLF1
CASSFQGYTEAFF	TRBV	TRBJ				2JI-2007		HLA-A2	CMV	pp65
CASSEGNVAPGELFF	TRBV	TRBJ				3JI-2000b		HLA-A2	EBV	BMLF1
CASSQSPGGTQYF	TRBV	TRBJ				3JI-2000b		HLA-A2	EBV	BMLF1
CSARDRIGNGYTF	TRBV	TRBJ				3JI-2000b		HLA-A2	EBV	BMLF1
CSARLGVGNTIYF	TRBV	TRBJ				3JI-2000b		HLA-A2	EBV	BMLF1
CSVGTGGTNEKLFF	TRBV	TRBJ				3JI-2000b		HLA-A2	EBV	BMLF1
CASSLFGGFTEAFF	TRBV	TRBJ				4Blood-2007		HLA-A2	CMV	pp65
CASSQSPGGTQYF	TRBV	TRBJ				4JI-2000b		HLA-A2	EBV	BMLF1
CASSPHRNTEAFF	TRBV	TRBJ				4NAR-2001		HLA-B7	CMV	pp65
CASSPSRNTEAFF	TRBV	TRBJ				4NAR-2001		HLA-B7	CMV	pp65
CASSPYRNTEAFF	TRBV	TRBJ				4NAR-2001		HLA-B7	CMV	pp65
CASGQSPGGTQYF	TRBV	TRBJ				AR-2001		HLA-A2	EBV	BMLF1
CASSQSPGGTQYF	TRBV	TRBJ				AR-2001		HLA-A2	EBV	BMLF1
CASSRSPGGTQYF	TRBV	TRBJ				AR-2001		HLA-A2	EBV	BMLF1
CSARDRVGNTIYF	TRBV	TRBJ				AR-2001		HLA-A2	EBV	BMLF1
CSARGQVGNTIYF	TRBV	TRBJ				AR-2001		HLA-A2	EBV	BMLF1
CSARSGVGNTIYF	TRBV	TRBJ				AR-2001		HLA-A2	EBV	BMLF1
CSARVGVGNTIYF	TRBV	TRBJ				AR-2001		HLA-A2	EBV	BMLF1
CASSFWDRVSGANVLTF	TRBV	TRBJ				Blood-2007		HLA-A2	CMV	pp65
CASSSVTGTGNYGYTF	TRBV	TRBJ				Blood-2007		HLA-A2	CMV	pp65
CSARDVLAGGSDTQYF	TRBV	TRBJ				Blood-2007		HLA-A2	CMV	pp65
CASKQGAGGNTEAFF	TRBV	TRBJ				JASN-2009		HLA-A2	CMV	pp65
CASKWGPANPEAFF	TRBV	TRBJ				JASN-2009		HLA-A2	CMV	pp65
CASQGTAATNTGELFF	TRBV	TRBJ				JASN-2009		HLA-A2	CMV	pp65
CASRGLSGLTEAFF	TRBV	TRBJ				JASN-2009		HLA-A2	CMV	pp65
CASSLEQHTEAFF	TRBV	TRBJ				JASN-2009		HLA-A2	CMV	pp65
CASSSRQGADTGELFF	TRBV	TRBJ				JASN-2009		HLA-A2	CMV	pp65
CASSYQTGAAYGYTF	TRBV	TRBJ				JASN-2009		HLA-A2	CMV	pp65
CASSIRSSYEQYF	TRBV	TRBJ				JEM-1995		HLA-A2	flu	M1
CASSSRSSYEQYF	TRBV	TRBJ				JEM-1995		HLA-A2	flu	M1
CASSTRGAYEQYF	TRBV	TRBJ				JEM-1995		HLA-A2	flu	M1
CSVLQGSPYEQYF	TRBV	TRBJ				JEM-1995		HLA-A2	flu	M1
CASSAWEGAEAFF	TRBV	TRBJ				JI-2000		HLA-A2	EBV	BMLF1
CASSEDAGLSYNEQFF	TRBV	TRBJ				JI-2000		HLA-A2	EBV	BMLF1
CASSGEQLLPGELFF	TRBV	TRBJ				JI-2000		HLA-A2	EBV	BMLF1
CASSGGQLAPGELFF	TRBV	TRBJ				JI-2000		HLA-A2	EBV	BMLF1
CASSGRVLPGELFF	TRBV	TRBJ				JI-2000		HLA-A2	EBV	BMLF1
CASSGVQLLPGELFF	TRBV	TRBJ				JI-2000		HLA-A2	EBV	BMLF1
CASSLAEQGGELFF	TRBV	TRBJ				JI-2000		HLA-A2	EBV	BMLF1
CASSLTLQRVGTGELFF	TRBV	TRBJ				JI-2000		HLA-A2	EBV	BMLF1
CASSNADTPLQETQYF	TRBV	TRBJ				JI-2000		HLA-A2	EBV	BMLF1
CASSPLIGTPPGEQFF	TRBV	TRBJ				JI-2000		HLA-A2	EBV	BMLF1
CASSQSPGGTQYF	TRBV	TRBJ				JI-2000		HLA-A2	EBV	BMLF1
CASSQSPGGVAFF	TRBV	TRBJ				JI-2000		HLA-A2	EBV	BMLF1
CASSVGNEQFF	TRBV	TRBJ				JI-2000		HLA-A2	EBV	BMLF1
CASSVISLGYGYTF	TRBV	TRBJ				JI-2000		HLA-A2	EBV	BMLF1
CASSYGGISSYEQYF	TRBV	TRBJ				JI-2000		HLA-A2	EBV	BMLF1
CASSYPEVAPSEQFF	TRBV	TRBJ				JI-2000		HLA-A2	EBV	BMLF1
CASSYTRVNEQFF	TRBV	TRBJ				JI-2000		HLA-A2	EBV	BMLF1
CASSYWVGDTDTQYF	TRBV	TRBJ				JI-2000		HLA-A2	EBV	BMLF1
CASSYWVGRRDTQYF	TRBV	TRBJ				JI-2000		HLA-A2	EBV	BMLF1
CSARDDGVNTEAFF	TRBV	TRBJ				JI-2000		HLA-A2	EBV	BMLF1
CSARDGNREWLHF	TRBV	TRBJ				JI-2000		HLA-A2	EBV	BMLF1
CSARDPYRASNQPQHF	TRBV	TRBJ				JI-2000		HLA-A2	EBV	BMLF1
CSARDRGSGNTIYF	TRBV	TRBJ				JI-2000		HLA-A2	EBV	BMLF1
CSARDRHREWLHF	TRBV	TRBJ				JI-2000		HLA-A2	EBV	BMLF1
CSARGLVESSYNEQFF	TRBV	TRBJ				JI-2000		HLA-A2	EBV	BMLF1
CSARVGVGNTIYF	TRBV	TRBJ				JI-2000		HLA-A2	EBV	BMLF1
CSGTGGTNEKLFF	TRBV	TRBJ				JI-2000		HLA-A2	EBV	BMLF1
CSPGTDLYEQYF	TRBV	TRBJ				JI-2000		HLA-A2	EBV	BMLF1
CSVVGTSLYNEQFF	TRBV	TRBJ				JI-2000		HLA-A2	EBV	BMLF1
CASSPGDTLLTDTQYF	TRBV	TRBJ				JI-2000b		HLA-A2	EBV	BMLF1
CASSQSPGGFQYF	TRBV	TRBJ				JI-2000b		HLA-A2	EBV	BMLF1
CASSSGSGGYYNEQFF	TRBV	TRBJ				JI-2000b		HLA-A2	EBV	BMLF1
CSAQGVGGQTYNEQFF	TRBV	TRBJ				JI-2000b		HLA-A2	EBV	BMLF1
CSARVRSDRDVGNTIYF	TRBV	TRBJ				JI-2000b		HLA-A2	EBV	BMLF1
CSASIFRDLTHNEQFF	TRBV	TRBJ				JI-2000b		HLA-A2	EBV	BMLF1
CASSGVGGWDEQYF	TRBV	TRBJ				JI-2007		HLA-A2	CMV	pp65
CASSPTTGTGHYGYTF	TRBV	TRBJ				JI-2007		HLA-A2	CMV	pp65
CASSPVTGTGHYGYTF	TRBV	TRBJ				JI-2007		HLA-A2	CMV	pp65
CASSYQTGTGNYGYTF	TRBV	TRBJ				JI-2007		HLA-A2	CMV	pp65
CASSYQTGTGVYGYTF	TRBV	TRBJ				JI-2007		HLA-A2	CMV	pp65
CAWVPTGTGGTEAFF	TRBV	TRBJ				JI-2007		HLA-A2	CMV	pp65
CASSFRDYGNYEQYF	TRBV	TRBJ				JI-2007		HLA-B7	CMV	pp65
CASSHDYRGRRSPLHF	TRBV	TRBJ				JI-2007		HLA-B7	CMV	pp65
CASSLIGEGTGWHQYF	TRBV	TRBJ				JI-2007		HLA-B7	CMV	pp65
CASSLRDRGSYEQYF	TRBV	TRBJ				JI-2007		HLA-B7	CMV	pp65
CASSLVGVGLLLNEQYF	TRBV	TRBJ				JI-2007		HLA-B7	CMV	pp65
CASSNRDRGDYEQYF	TRBV	TRBJ				JI-2007		HLA-B7	CMV	pp65
CASSSHDREGGSSPLHF	TRBV	TRBJ				JI-2007		HLA-B7	CMV	pp65
CASSSHDRQGASSPLHF	TRBV	TRBJ				JI-2007		HLA-B7	CMV	pp65
CASSSHDTGGYNSPLHF	TRBV	TRBJ				JI-2007		HLA-B7	CMV	pp65
CASSSRDLGEYEQYF	TRBV	TRBJ				JI-2007		HLA-B7	CMV	pp65
CASSSRDRGPHGQYF	TRBV	TRBJ				JI-2007		HLA-B7	CMV	pp65
CASSSRDRGSYEQYF	TRBV	TRBJ				JI-2007		HLA-B7	CMV	pp65
CASSTHDIQGLGSPLHF	TRBV	TRBJ				JI-2007		HLA-B7	CMV	pp65
CASGRTNTEAFF	TRBV	TRBJ				JI-2010		HLA-A2	EBV	BMLF1
CASNEGAGFNYGYTF	TRBV	TRBJ				JI-2010		HLA-A2	EBV	BMLF1
CASSAGEVFPGELFF	TRBV	TRBJ				JI-2010		HLA-A2	EBV	BMLF1
CASSDGELLPNEQFF	TRBV	TRBJ				JI-2010		HLA-A2	EBV	BMLF1
CASSDGKLAPGELFF	TRBV	TRBJ				JI-2010		HLA-A2	EBV	BMLF1
CASSDGRVAPGELFF	TRBV	TRBJ				JI-2010		HLA-A2	EBV	BMLF1
CASSEGQVAPGELFF	TRBV	TRBJ				JI-2010		HLA-A2	EBV	BMLF1
CASSIDGAAYEQYF	TRBV	TRBJ				JI-2010		HLA-A2	EBV	BMLF1
CASSIDGTAYEQYF	TRBV	TRBJ				JI-2010		HLA-A2	EBV	BMLF1
CASSIDRGLINEQFF	TRBV	TRBJ				JI-2010		HLA-A2	EBV	BMLF1
CASSIMGGNYEQYF	TRBV	TRBJ				JI-2010		HLA-A2	EBV	BMLF1
CASSINGTAYEQYF	TRBV	TRBJ				JI-2010		HLA-A2	EBV	BMLF1
CASSIPRTGTAYEQYF	TRBV	TRBJ				JI-2010		HLA-A2	EBV	BMLF1
CASSISGTGYEQYF	TRBV	TRBJ				JI-2010		HLA-A2	EBV	BMLF1
CASSPPAESYEQYF	TRBV	TRBJ				JI-2010		HLA-A2	EBV	BMLF1
CASSQSDSGYEQYF	TRBV	TRBJ				JI-2010		HLA-A2	EBV	BMLF1
CASSQSPGATQYF	TRBV	TRBJ				JI-2010		HLA-A2	EBV	BMLF1
CASSQSPGGIQYF	TRBV	TRBJ				JI-2010		HLA-A2	EBV	BMLF1
CASSQSPGGLETF	TRBV	TRBJ				JI-2010		HLA-A2	EBV	BMLF1
CASSQSPGGQQFF	TRBV	TRBJ				JI-2010		HLA-A2	EBV	BMLF1
CASSQSPGGTQYF	TRBV	TRBJ				JI-2010		HLA-A2	EBV	BMLF1
CASSQTPGGTQYF	TRBV	TRBJ				JI-2010		HLA-A2	EBV	BMLF1
CASSSGTARYEQYF	TRBV	TRBJ				JI-2010		HLA-A2	EBV	BMLF1
CASSVDGTAYEQYF	TRBV	TRBJ				JI-2010		HLA-A2	EBV	BMLF1
CASALRSSYEQYF	TRBV	TRBJ				JI-2010		HLA-A2	flu	M1
CASGRTNIEAFF	TRBV	TRBJ				JI-2010		HLA-A2	flu	M1
CASGRTNTEAFF	TRBV	TRBJ				JI-2010		HLA-A2	flu	M1
CASSALAGPTYNEQFF	TRBV	TRBJ				JI-2010		HLA-A2	flu	M1
CASSFGTSPYNEQFF	TRBV	TRBJ				JI-2010		HLA-A2	flu	M1
CASSFRSAYEQYF	TRBV	TRBJ				JI-2010		HLA-A2	flu	M1
CASSGRSTDTQYF	TRBV	TRBJ				JI-2010		HLA-A2	flu	M1
CASSIDGTAYEQYF	TRBV	TRBJ				JI-2010		HLA-A2	flu	M1
CASSIETTSGSSYNEQFF	TRBV	TRBJ				JI-2010		HLA-A2	flu	M1
CASSIGIYGYTF	TRBV	TRBJ				JI-2010		HLA-A2	flu	M1
CASSIGTGEQFF	TRBV	TRBJ				JI-2010		HLA-A2	flu	M1
CASSIRAAYEQYF	TRBV	TRBJ				JI-2010		HLA-A2	flu	M1
CASSIRPADTQYF	TRBV	TRBJ				JI-2010		HLA-A2	flu	M1
CASSIRSADTQYF	TRBV	TRBJ				JI-2010		HLA-A2	flu	M1
CASSIRSAYEQYF	TRBV	TRBJ				JI-2010		HLA-A2	flu	M1
CASSIRSGYEQYF	TRBV	TRBJ				JI-2010		HLA-A2	flu	M1
CASSIRSSYEQYF	TRBV	TRBJ				JI-2010		HLA-A2	flu	M1
CASSIRSTDTQYF	TRBV	TRBJ				JI-2010		HLA-A2	flu	M1
CASSKRSTDTQYF	TRBV	TRBJ				JI-2010		HLA-A2	flu	M1
CASSLGTSGSYNEQFF	TRBV	TRBJ				JI-2010		HLA-A2	flu	M1
CASSLRSSYEQYF	TRBV	TRBJ				JI-2010		HLA-A2	flu	M1
CASSMRAAYEQYF	TRBV	TRBJ				JI-2010		HLA-A2	flu	M1
CASSMRSAYEQYF	TRBV	TRBJ				JI-2010		HLA-A2	flu	M1
CASSMRSSYEQYF	TRBV	TRBJ				JI-2010		HLA-A2	flu	M1
CASSMRTGDTQYF	TRBV	TRBJ				JI-2010		HLA-A2	flu	M1
CASSPRSGDTQYF	TRBV	TRBJ				JI-2010		HLA-A2	flu	M1
CASSPRSTDTQYF	TRBV	TRBJ				JI-2010		HLA-A2	flu	M1
CASSQRSTDTQYF	TRBV	TRBJ				JI-2010		HLA-A2	flu	M1
CASSSGSSGYYNEQFF	TRBV	TRBJ				JI-2010		HLA-A2	flu	M1
CASSSGSYGYTF	TRBV	TRBJ				JI-2010		HLA-A2	flu	M1
CASSSRSAYEQYF	TRBV	TRBJ				JI-2010		HLA-A2	flu	M1
CASSSRSSYEQYF	TRBV	TRBJ				JI-2010		HLA-A2	flu	M1
CASSSRSTDTQYF	TRBV	TRBJ				JI-2010		HLA-A2	flu	M1
CASSTRSADTQYF	TRBV	TRBJ				JI-2010		HLA-A2	flu	M1
CASSTRSSDTQYF	TRBV	TRBJ				JI-2010		HLA-A2	flu	M1
CASSTRSSYEQYF	TRBV	TRBJ				JI-2010		HLA-A2	flu	M1
CASSTRSSYERYF	TRBV	TRBJ				JI-2010		HLA-A2	flu	M1
CASSVRSSYEQXF	TRBV	TRBJ				JI-2010		HLA-A2	flu	M1
CASSVRSSYEQYF	TRBV	TRBJ				JI-2010		HLA-A2	flu	M1
CASSYRSSNEQFF	TRBV	TRBJ				JI-2010		HLA-A2	flu	M1
CATSGRAGVEQFF	TRBV	TRBJ				JI-2010		HLA-A2	flu	M1
CASSFQGYTEAFF	TRBV	TRBJ				Ji		HLA-A2	CMV	pp65
CASSLAPGATNEKLFF	TRBV	TRBJ				Ji		HLA-A2	CMV	pp65
CASSLTSGSPYNEQFF	TRBV	TRBJ				Ji		HLA-A2	CMV	pp65
CASSLVGGRYGYTF	TRBV	TRBJ				Ji		HLA-A2	CMV	pp65
CASSSAHYGYTF	TRBV	TRBJ				Ji		HLA-A2	CMV	pp65
CASSSANYGYTF	TRBV	TRBJ				Ji		HLA-A2	CMV	pp65
CASSVVNEQFF	TRBV	TRBJ				Ji		HLA-A2	CMV	pp65
CAISEGDLNTEAFF	TRBV	TRBJ				NAR-2001		HLA-B7	CMV	pp65
CASSEGIGYNSPLHF	TRBV	TRBJ				NAR-2001		HLA-B7	CMV	pp65
CASSGDPEHGYNYGYTF	TRBV	TRBJ				NAR-2001		HLA-B7	CMV	pp65
CASSKGAAITVGLETQYF	TRBV	TRBJ				NAR-2001		HLA-B7	CMV	pp65
CASSLASDGPQETQYF	TRBV	TRBJ				NAR-2001		HLA-B7	CMV	pp65
CASSPARNTEAFF	TRBV	TRBJ				NAR-2001		HLA-B7	CMV	pp65
CASSPHRNTEAFF	TRBV	TRBJ				NAR-2001		HLA-B7	CMV	pp65
CASSPNRNTEAFF	TRBV	TRBJ				NAR-2001		HLA-B7	CMV	pp65
CASSPQRNTEAFF	TRBV	TRBJ				NAR-2001		HLA-B7	CMV	pp65
CASSPQRNTEASF	TRBV	TRBJ				NAR-2001		HLA-B7	CMV	pp65
CASSPQSDQNQGTQYF	TRBV	TRBJ				NAR-2001		HLA-B7	CMV	pp65
CASSPSRNTEAFF	TRBV	TRBJ				NAR-2001		HLA-B7	CMV	pp65
CASSPTRNTEAFF	TRBV	TRBJ				NAR-2001		HLA-B7	CMV	pp65
CASSQGLAGGPRTDTQYF	TRBV	TRBJ				NAR-2001		HLA-B7	CMV	pp65
CASSWAPNTGELF	TRBV	TRBJ				NAR-2001		HLA-B7	CMV	pp65
CSARDLKAGSWVEQYF	TRBV	TRBJ				NAR-2001		HLA-B7	CMV	pp65
CSARDPQGVTEAFF	TRBV	TRBJ				NAR-2001		HLA-B7	CMV	pp65
CSARDSSGGAKNIQYF	TRBV	TRBJ				NAR-2001		HLA-B7	CMV	pp65
CSASLASTSNYGYTF	TRBV	TRBJ				NAR-2001		HLA-B7	CMV	pp65
CSATPARASNTEAFF	TRBV	TRBJ				NAR-2001		HLA-B7	CMV	pp65
CSGIDKPVTDTQYF	TRBV	TRBJ				NAR-2001		HLA-B7	CMV	pp65
